edge,status,seconds,clauses,returncode
1:3,NOT_VERIFIED,2.287015,11173,1
1:4,NOT_VERIFIED,0.214171,11173,1
1:5,NOT_VERIFIED,2.431768,11173,1
1:7,NOT_VERIFIED,1.642413,11173,1
1:20,NOT_VERIFIED,0.661881,11173,1
1:21,NOT_VERIFIED,0.591453,11173,1
1:22,NOT_VERIFIED,0.297765,11173,1
1:23,NOT_VERIFIED,0.239256,11173,1
1:24,NOT_VERIFIED,0.381948,11173,1
1:25,NOT_VERIFIED,0.197177,11173,1
1:26,NOT_VERIFIED,0.213570,11173,1
1:27,NOT_VERIFIED,0.198270,11173,1
1:28,NOT_VERIFIED,0.670819,11173,1
1:29,NOT_VERIFIED,0.626660,11173,1
1:30,NOT_VERIFIED,0.234875,11173,1
1:31,NOT_VERIFIED,0.175548,11173,1
1:240,NOT_VERIFIED,2.584278,11173,1
1:243,NOT_VERIFIED,2.327275,11173,1
1:249,NOT_VERIFIED,2.768964,11173,1
1:252,NOT_VERIFIED,1.945267,11173,1
1:296,NOT_VERIFIED,2.401496,11173,1
1:314,NOT_VERIFIED,3.913633,11173,1
1:412,NOT_VERIFIED,0.154778,11173,1
1:413,NOT_VERIFIED,0.165185,11173,1
1:414,NOT_VERIFIED,0.149981,11173,1
1:415,NOT_VERIFIED,0.464527,11173,1
1:416,NOT_VERIFIED,0.152540,11173,1
1:417,NOT_VERIFIED,0.195010,11173,1
1:418,NOT_VERIFIED,0.145571,11173,1
1:419,NOT_VERIFIED,0.171881,11173,1
1:420,NOT_VERIFIED,0.442001,11173,1
1:421,NOT_VERIFIED,0.148316,11173,1
1:422,NOT_VERIFIED,0.217217,11173,1
1:423,NOT_VERIFIED,0.162068,11173,1
2:7,NOT_VERIFIED,0.270113,11173,1
2:69,NOT_VERIFIED,0.136932,11173,1
2:70,NOT_VERIFIED,0.271383,11173,1
2:72,NOT_VERIFIED,1.790492,11173,1
2:200,NOT_VERIFIED,1.651304,11173,1
2:254,NOT_VERIFIED,0.303772,11173,1
2:260,NOT_VERIFIED,0.220399,11173,1
2:261,NOT_VERIFIED,0.680823,11173,1
2:270,NOT_VERIFIED,2.522808,11173,1
2:380,NOT_VERIFIED,2.013837,11173,1
2:383,NOT_VERIFIED,2.489526,11173,1
2:386,NOT_VERIFIED,0.633363,11173,1
2:388,NOT_VERIFIED,0.774216,11173,1
3:5,NOT_VERIFIED,2.329101,11173,1
3:7,NOT_VERIFIED,0.294749,11173,1
3:75,NOT_VERIFIED,2.310014,11173,1
3:76,NOT_VERIFIED,2.176587,11173,1
3:86,NOT_VERIFIED,2.234117,11173,1
3:99,NOT_VERIFIED,2.437830,11173,1
3:306,NOT_VERIFIED,2.906886,11173,1
3:346,NOT_VERIFIED,1.907890,11173,1
3:352,NOT_VERIFIED,2.375077,11173,1
3:381,NOT_VERIFIED,1.608260,11173,1
3:384,NOT_VERIFIED,2.098858,11173,1
3:389,NOT_VERIFIED,2.738183,11173,1
4:5,NOT_VERIFIED,1.585348,11173,1
4:6,NOT_VERIFIED,0.207020,11173,1
4:83,NOT_VERIFIED,1.999296,11173,1
4:91,NOT_VERIFIED,2.273864,11173,1
5:64,NOT_VERIFIED,2.122772,11173,1
5:67,NOT_VERIFIED,2.571816,11173,1
6:73,NOT_VERIFIED,2.027223,11173,1
6:80,NOT_VERIFIED,1.531867,11173,1
6:81,NOT_VERIFIED,2.285638,11173,1
7:78,NOT_VERIFIED,1.643389,11173,1
7:87,NOT_VERIFIED,0.681284,11173,1
7:89,NOT_VERIFIED,2.437388,11173,1
10:21,NOT_VERIFIED,0.234939,11173,1
10:146,NOT_VERIFIED,0.225247,11173,1
10:147,NOT_VERIFIED,0.236485,11173,1
10:156,NOT_VERIFIED,0.214999,11173,1
10:372,NOT_VERIFIED,0.211979,11173,1
10:396,NOT_VERIFIED,0.154723,11173,1
11:31,NOT_VERIFIED,0.167026,11173,1
11:161,NOT_VERIFIED,0.276138,11173,1
11:162,NOT_VERIFIED,0.283217,11173,1
11:171,NOT_VERIFIED,0.243974,11173,1
11:331,NOT_VERIFIED,2.339127,11173,1
11:397,NOT_VERIFIED,0.144204,11173,1
12:22,NOT_VERIFIED,0.159716,11173,1
12:156,NOT_VERIFIED,0.199302,11173,1
12:159,NOT_VERIFIED,0.599329,11173,1
12:174,NOT_VERIFIED,0.150930,11173,1
12:398,NOT_VERIFIED,0.154253,11173,1
13:30,NOT_VERIFIED,0.212637,11173,1
13:151,NOT_VERIFIED,0.204174,11173,1
13:154,NOT_VERIFIED,0.207154,11173,1
13:161,NOT_VERIFIED,0.246676,11173,1
13:399,NOT_VERIFIED,0.151045,11173,1
14:23,NOT_VERIFIED,0.157126,11173,1
14:164,NOT_VERIFIED,0.150643,11173,1
14:173,NOT_VERIFIED,0.461196,11173,1
14:174,NOT_VERIFIED,0.166772,11173,1
14:357,NOT_VERIFIED,1.901219,11173,1
14:400,NOT_VERIFIED,0.158189,11173,1
15:29,NOT_VERIFIED,0.163018,11173,1
15:154,NOT_VERIFIED,0.278099,11173,1
15:168,NOT_VERIFIED,0.224765,11173,1
15:169,NOT_VERIFIED,0.326577,11173,1
15:303,NOT_VERIFIED,0.481912,11173,1
15:401,NOT_VERIFIED,0.175722,11173,1
16:24,NOT_VERIFIED,0.289262,11173,1
16:163,NOT_VERIFIED,0.239356,11173,1
16:164,NOT_VERIFIED,0.153104,11173,1
16:402,NOT_VERIFIED,0.167855,11173,1
17:28,NOT_VERIFIED,0.157453,11173,1
17:403,NOT_VERIFIED,0.142263,11173,1
18:25,NOT_VERIFIED,0.150457,11173,1
18:376,NOT_VERIFIED,0.350198,11173,1
18:404,NOT_VERIFIED,0.189810,11173,1
19:27,NOT_VERIFIED,0.163853,11173,1
19:349,NOT_VERIFIED,0.149009,11173,1
19:405,NOT_VERIFIED,0.234149,11173,1
20:8,NOT_VERIFIED,0.242881,11173,1
20:21,NOT_VERIFIED,0.224050,11173,1
20:25,NOT_VERIFIED,0.207928,11173,1
20:35,NOT_VERIFIED,0.147437,11173,1
20:39,NOT_VERIFIED,0.246700,11173,1
20:63,NOT_VERIFIED,0.631957,11173,1
20:69,NOT_VERIFIED,0.147875,11173,1
20:265,NOT_VERIFIED,0.141970,11173,1
20:280,NOT_VERIFIED,0.718213,11173,1
20:306,NOT_VERIFIED,0.149236,11173,1
20:369,NOT_VERIFIED,0.221009,11173,1
20:375,NOT_VERIFIED,0.244339,11173,1
21:22,NOT_VERIFIED,0.188619,11173,1
21:32,NOT_VERIFIED,1.166178,11173,1
21:38,NOT_VERIFIED,0.818200,11173,1
21:44,NOT_VERIFIED,1.904016,11173,1
21:81,NOT_VERIFIED,2.394395,11173,1
21:213,NOT_VERIFIED,0.247872,11173,1
21:256,NOT_VERIFIED,0.228001,11173,1
21:270,NOT_VERIFIED,0.236022,11173,1
21:302,NOT_VERIFIED,0.189427,11173,1
21:327,NOT_VERIFIED,1.255983,11173,1
21:363,NOT_VERIFIED,2.324601,11173,1
21:381,NOT_VERIFIED,0.224970,11173,1
22:23,NOT_VERIFIED,0.192414,11173,1
22:36,NOT_VERIFIED,0.306244,11173,1
22:43,NOT_VERIFIED,0.557402,11173,1
22:54,NOT_VERIFIED,2.118531,11173,1
22:91,NOT_VERIFIED,0.461631,11173,1
22:267,NOT_VERIFIED,0.232321,11173,1
22:274,NOT_VERIFIED,0.354911,11173,1
22:361,NOT_VERIFIED,2.366972,11173,1
22:367,NOT_VERIFIED,0.211690,11173,1
23:24,NOT_VERIFIED,0.222509,11173,1
23:33,NOT_VERIFIED,0.208979,11173,1
23:42,NOT_VERIFIED,0.218814,11173,1
23:60,NOT_VERIFIED,0.339886,11173,1
23:67,NOT_VERIFIED,2.250587,11173,1
23:75,NOT_VERIFIED,0.668529,11173,1
23:264,NOT_VERIFIED,2.446594,11173,1
23:275,NOT_VERIFIED,0.241045,11173,1
23:343,NOT_VERIFIED,2.503224,11173,1
23:378,NOT_VERIFIED,2.502493,11173,1
23:386,NOT_VERIFIED,0.272907,11173,1
24:25,NOT_VERIFIED,0.597948,11173,1
24:37,NOT_VERIFIED,0.149522,11173,1
24:41,NOT_VERIFIED,0.212230,11173,1
24:49,NOT_VERIFIED,1.860310,11173,1
24:86,NOT_VERIFIED,2.112156,11173,1
24:260,NOT_VERIFIED,0.216044,11173,1
24:269,NOT_VERIFIED,2.211159,11173,1
24:337,NOT_VERIFIED,1.982894,11173,1
24:382,NOT_VERIFIED,1.727815,11173,1
25:34,NOT_VERIFIED,0.208009,11173,1
25:40,NOT_VERIFIED,0.226084,11173,1
25:51,NOT_VERIFIED,0.217156,11173,1
25:70,NOT_VERIFIED,0.468410,11173,1
25:89,NOT_VERIFIED,0.148625,11173,1
25:277,NOT_VERIFIED,0.159391,11173,1
25:307,NOT_VERIFIED,1.975805,11173,1
25:348,NOT_VERIFIED,0.219944,11173,1
25:371,NOT_VERIFIED,2.215083,11173,1
25:374,NOT_VERIFIED,2.327096,11173,1
26:9,NOT_VERIFIED,0.230488,11173,1
26:27,NOT_VERIFIED,0.175852,11173,1
26:31,NOT_VERIFIED,0.185036,11173,1
26:35,NOT_VERIFIED,0.195779,11173,1
26:40,NOT_VERIFIED,0.289850,11173,1
26:58,NOT_VERIFIED,1.340193,11173,1
26:64,NOT_VERIFIED,0.942568,11173,1
26:271,NOT_VERIFIED,1.290100,11173,1
26:272,NOT_VERIFIED,0.176584,11173,1
26:305,NOT_VERIFIED,0.287794,11173,1
26:333,NOT_VERIFIED,1.921002,11173,1
26:380,NOT_VERIFIED,0.314767,11173,1
26:392,NOT_VERIFIED,0.539386,11173,1
27:28,NOT_VERIFIED,0.208225,11173,1
27:32,NOT_VERIFIED,0.356089,11173,1
27:41,NOT_VERIFIED,0.286649,11173,1
27:47,NOT_VERIFIED,0.610901,11173,1
27:80,NOT_VERIFIED,0.329258,11173,1
27:83,NOT_VERIFIED,0.274126,11173,1
27:301,NOT_VERIFIED,2.378097,11173,1
27:326,NOT_VERIFIED,2.271255,11173,1
28:29,NOT_VERIFIED,0.369478,11173,1
28:37,NOT_VERIFIED,0.180919,11173,1
28:42,NOT_VERIFIED,0.804799,11173,1
28:50,NOT_VERIFIED,0.997255,11173,1
28:73,NOT_VERIFIED,1.587294,11173,1
28:299,NOT_VERIFIED,1.754522,11173,1
28:355,NOT_VERIFIED,0.954459,11173,1
28:388,NOT_VERIFIED,0.235523,11173,1
29:30,NOT_VERIFIED,0.266237,11173,1
29:34,NOT_VERIFIED,0.204800,11173,1
29:43,NOT_VERIFIED,0.513611,11173,1
29:59,NOT_VERIFIED,0.275079,11173,1
29:72,NOT_VERIFIED,0.367822,11173,1
29:87,NOT_VERIFIED,0.238227,11173,1
29:340,NOT_VERIFIED,2.275616,11173,1
29:346,NOT_VERIFIED,0.225470,11173,1
29:350,NOT_VERIFIED,0.232688,11173,1
30:31,NOT_VERIFIED,0.227132,11173,1
30:36,NOT_VERIFIED,0.279656,11173,1
30:38,NOT_VERIFIED,0.282266,11173,1
30:46,NOT_VERIFIED,0.283650,11173,1
30:78,NOT_VERIFIED,1.226909,11173,1
30:338,NOT_VERIFIED,1.589094,11173,1
30:384,NOT_VERIFIED,0.288312,11173,1
31:33,NOT_VERIFIED,0.254510,11173,1
31:39,NOT_VERIFIED,0.181231,11173,1
31:55,NOT_VERIFIED,1.649434,11173,1
31:76,NOT_VERIFIED,1.659168,11173,1
31:342,NOT_VERIFIED,2.240863,11173,1
31:344,NOT_VERIFIED,2.305221,11173,1
32:406,NOT_VERIFIED,0.212380,11173,1
33:407,NOT_VERIFIED,0.157612,11173,1
34:408,NOT_VERIFIED,0.349896,11173,1
35:39,NOT_VERIFIED,0.153425,11173,1
35:40,NOT_VERIFIED,0.164728,11173,1
35:372,NOT_VERIFIED,0.222121,11173,1
35:409,NOT_VERIFIED,0.177995,11173,1
36:38,NOT_VERIFIED,0.216686,11173,1
36:43,NOT_VERIFIED,0.223258,11173,1
36:410,NOT_VERIFIED,0.148899,11173,1
37:41,NOT_VERIFIED,0.240175,11173,1
37:42,NOT_VERIFIED,0.188698,11173,1
37:376,NOT_VERIFIED,0.380816,11173,1
37:411,NOT_VERIFIED,0.146104,11173,1
38:380,NOT_VERIFIED,0.672058,11173,1
38:386,NOT_VERIFIED,0.892921,11173,1
38:391,NOT_VERIFIED,0.301456,11173,1
56:98,NOT_VERIFIED,1.989251,11173,1
56:99,NOT_VERIFIED,2.350042,11173,1
64:66,NOT_VERIFIED,2.423602,11173,1
64:98,NOT_VERIFIED,2.257616,11173,1
65:67,NOT_VERIFIED,2.518242,11173,1
65:90,NOT_VERIFIED,2.491082,11173,1
66:77,NOT_VERIFIED,2.189962,11173,1
67:75,NOT_VERIFIED,2.202786,11173,1
68:72,NOT_VERIFIED,2.545444,11173,1
68:74,NOT_VERIFIED,2.487577,11173,1
69:70,NOT_VERIFIED,0.264325,11173,1
69:71,NOT_VERIFIED,2.418845,11173,1
70:89,NOT_VERIFIED,0.147044,11173,1
71:88,NOT_VERIFIED,2.589757,11173,1
72:87,NOT_VERIFIED,2.201211,11173,1
73:80,NOT_VERIFIED,0.678257,11173,1
73:82,NOT_VERIFIED,2.661497,11173,1
74:81,NOT_VERIFIED,2.362781,11173,1
75:86,NOT_VERIFIED,2.691307,11173,1
76:85,NOT_VERIFIED,2.301119,11173,1
77:86,NOT_VERIFIED,2.286971,11173,1
78:87,NOT_VERIFIED,2.574450,11173,1
78:88,NOT_VERIFIED,2.691382,11173,1
79:85,NOT_VERIFIED,2.683496,11173,1
79:89,NOT_VERIFIED,2.605911,11173,1
80:83,NOT_VERIFIED,1.650152,11173,1
82:84,NOT_VERIFIED,2.279604,11173,1
83:90,NOT_VERIFIED,2.349335,11173,1
84:91,NOT_VERIFIED,2.298070,11173,1
100:55,NOT_VERIFIED,2.716795,11173,1
100:57,NOT_VERIFIED,2.435604,11173,1
100:59,NOT_VERIFIED,2.384503,11173,1
100:65,NOT_VERIFIED,2.235219,11173,1
100:95,NOT_VERIFIED,2.369689,11173,1
100:143,NOT_VERIFIED,2.246165,11173,1
100:160,NOT_VERIFIED,1.539155,11173,1
100:182,NOT_VERIFIED,2.555996,11173,1
100:217,NOT_VERIFIED,2.641195,11173,1
100:290,NOT_VERIFIED,2.908419,11173,1
100:315,NOT_VERIFIED,2.194086,11173,1
100:332,NOT_VERIFIED,2.234201,11173,1
101:55,NOT_VERIFIED,2.161066,11173,1
101:161,NOT_VERIFIED,3.366525,11173,1
101:206,NOT_VERIFIED,2.356206,11173,1
101:215,NOT_VERIFIED,2.453569,11173,1
101:218,NOT_VERIFIED,2.492095,11173,1
101:289,NOT_VERIFIED,2.433298,11173,1
101:323,VERIFIED,3.238601,11173,0
102:67,NOT_VERIFIED,2.264050,11173,1
102:159,NOT_VERIFIED,0.987803,11173,1
102:184,NOT_VERIFIED,2.329909,11173,1
102:194,NOT_VERIFIED,2.301835,11173,1
102:195,NOT_VERIFIED,2.548172,11173,1
102:210,NOT_VERIFIED,2.245817,11173,1
102:214,NOT_VERIFIED,2.989178,11173,1
102:223,NOT_VERIFIED,0.647710,11173,1
102:233,NOT_VERIFIED,2.182419,11173,1
102:238,NOT_VERIFIED,2.218718,11173,1
102:245,NOT_VERIFIED,2.384610,11173,1
102:322,NOT_VERIFIED,2.760692,11173,1
103:54,NOT_VERIFIED,2.537419,11173,1
103:156,NOT_VERIFIED,2.373076,11173,1
103:194,NOT_VERIFIED,2.702254,11173,1
103:212,NOT_VERIFIED,2.411512,11173,1
103:213,NOT_VERIFIED,2.510554,11173,1
103:292,NOT_VERIFIED,2.733095,11173,1
103:304,NOT_VERIFIED,1.323513,11173,1
103:305,NOT_VERIFIED,2.100584,11173,1
103:318,NOT_VERIFIED,1.928412,11173,1
104:54,NOT_VERIFIED,2.644191,11173,1
104:63,NOT_VERIFIED,2.308417,11173,1
104:66,NOT_VERIFIED,3.673881,11173,1
104:94,NOT_VERIFIED,2.561478,11173,1
104:155,NOT_VERIFIED,1.102687,11173,1
104:185,NOT_VERIFIED,2.382311,11173,1
104:214,NOT_VERIFIED,2.755974,11173,1
104:291,NOT_VERIFIED,2.661611,11173,1
104:306,NOT_VERIFIED,2.688888,11173,1
104:308,NOT_VERIFIED,2.206205,11173,1
104:341,NOT_VERIFIED,2.850073,11173,1
105:53,NOT_VERIFIED,2.387862,11173,1
105:61,NOT_VERIFIED,2.430196,11173,1
105:69,NOT_VERIFIED,2.466360,11173,1
105:152,NOT_VERIFIED,1.783295,11173,1
105:178,NOT_VERIFIED,2.143877,11173,1
105:190,NOT_VERIFIED,0.614872,11173,1
105:200,NOT_VERIFIED,2.160992,11173,1
105:201,NOT_VERIFIED,2.707242,11173,1
105:210,NOT_VERIFIED,2.801553,11173,1
105:214,NOT_VERIFIED,2.537374,11173,1
105:225,NOT_VERIFIED,2.107009,11173,1
105:239,NOT_VERIFIED,2.278114,11173,1
105:242,NOT_VERIFIED,2.139603,11173,1
105:308,NOT_VERIFIED,2.559326,11173,1
105:313,NOT_VERIFIED,2.957608,11173,1
105:377,NOT_VERIFIED,3.310820,11173,1
106:7,NOT_VERIFIED,2.192900,11173,1
106:53,NOT_VERIFIED,2.205808,11173,1
106:142,NOT_VERIFIED,2.456699,11173,1
106:177,NOT_VERIFIED,2.968508,11173,1
106:212,NOT_VERIFIED,2.717441,11173,1
106:240,NOT_VERIFIED,2.311576,11173,1
106:242,NOT_VERIFIED,2.640681,11173,1
106:312,NOT_VERIFIED,2.290278,11173,1
106:320,NOT_VERIFIED,3.344226,11173,1
106:321,NOT_VERIFIED,2.719790,11173,1
106:344,NOT_VERIFIED,2.445474,11173,1
107:51,NOT_VERIFIED,2.213457,11173,1
107:62,NOT_VERIFIED,3.010581,11173,1
107:153,NOT_VERIFIED,0.218813,11173,1
107:200,NOT_VERIFIED,1.815786,11173,1
107:209,NOT_VERIFIED,2.699951,11173,1
107:211,NOT_VERIFIED,1.793603,11173,1
107:290,NOT_VERIFIED,2.485721,11173,1
107:388,NOT_VERIFIED,0.668805,11173,1
108:51,NOT_VERIFIED,2.322270,11173,1
108:52,NOT_VERIFIED,2.605210,11173,1
108:60,NOT_VERIFIED,2.581071,11173,1
108:68,NOT_VERIFIED,2.613254,11173,1
108:96,NOT_VERIFIED,2.475852,11173,1
108:142,NOT_VERIFIED,2.616101,11173,1
108:150,NOT_VERIFIED,0.280296,11173,1
108:179,NOT_VERIFIED,2.446708,11173,1
108:210,NOT_VERIFIED,2.499648,11173,1
108:289,NOT_VERIFIED,2.473619,11173,1
108:300,NOT_VERIFIED,2.456012,11173,1
108:377,NOT_VERIFIED,3.205685,11173,1
109:72,NOT_VERIFIED,1.868469,11173,1
109:149,NOT_VERIFIED,0.294354,11173,1
109:197,NOT_VERIFIED,2.289636,11173,1
109:199,NOT_VERIFIED,2.327536,11173,1
109:205,NOT_VERIFIED,3.347966,11173,1
109:217,NOT_VERIFIED,2.405181,11173,1
109:220,NOT_VERIFIED,2.578855,11173,1
109:223,NOT_VERIFIED,0.298191,11173,1
109:227,NOT_VERIFIED,1.947276,11173,1
109:244,NOT_VERIFIED,2.415130,11173,1
109:246,NOT_VERIFIED,2.313126,11173,1
109:324,NOT_VERIFIED,2.393804,11173,1
109:387,NOT_VERIFIED,2.248003,11173,1
110:50,NOT_VERIFIED,2.531164,11173,1
110:58,NOT_VERIFIED,2.651801,11173,1
110:71,NOT_VERIFIED,2.316624,11173,1
110:93,NOT_VERIFIED,2.583151,11173,1
110:145,NOT_VERIFIED,2.465349,11173,1
110:204,NOT_VERIFIED,2.292478,11173,1
110:216,NOT_VERIFIED,2.396112,11173,1
110:220,NOT_VERIFIED,2.587703,11173,1
110:292,NOT_VERIFIED,2.523162,11173,1
110:305,NOT_VERIFIED,2.323331,11173,1
110:335,NOT_VERIFIED,2.478326,11173,1
111:50,NOT_VERIFIED,1.809754,11173,1
111:70,NOT_VERIFIED,0.291997,11173,1
111:148,NOT_VERIFIED,0.310872,11173,1
111:197,NOT_VERIFIED,2.244039,11173,1
111:219,NOT_VERIFIED,2.482571,11173,1
111:221,NOT_VERIFIED,2.497257,11173,1
111:291,NOT_VERIFIED,2.331408,11173,1
111:306,NOT_VERIFIED,1.889368,11173,1
111:310,NOT_VERIFIED,2.514389,11173,1
112:83,NOT_VERIFIED,2.626534,11173,1
112:172,NOT_VERIFIED,2.217016,11173,1
112:186,NOT_VERIFIED,0.445903,11173,1
112:198,NOT_VERIFIED,2.333482,11173,1
112:203,NOT_VERIFIED,2.193860,11173,1
112:205,NOT_VERIFIED,2.648974,11173,1
112:207,NOT_VERIFIED,2.314300,11173,1
112:221,NOT_VERIFIED,2.322734,11173,1
112:230,NOT_VERIFIED,2.558193,11173,1
112:244,NOT_VERIFIED,2.488173,11173,1
112:250,NOT_VERIFIED,2.280425,11173,1
112:345,NOT_VERIFIED,2.567565,11173,1
112:391,NOT_VERIFIED,2.708474,11173,1
113:58,NOT_VERIFIED,2.488981,11173,1
113:171,NOT_VERIFIED,2.094787,11173,1
113:187,NOT_VERIFIED,1.897571,11173,1
113:197,NOT_VERIFIED,2.437848,11173,1
113:199,NOT_VERIFIED,2.386437,11173,1
113:203,NOT_VERIFIED,2.587171,11173,1
113:287,NOT_VERIFIED,2.273394,11173,1
113:302,NOT_VERIFIED,2.423245,11173,1
113:311,NOT_VERIFIED,2.432100,11173,1
114:46,NOT_VERIFIED,2.167255,11173,1
114:58,NOT_VERIFIED,2.217276,11173,1
114:84,NOT_VERIFIED,2.521013,11173,1
114:97,NOT_VERIFIED,2.653566,11173,1
114:170,NOT_VERIFIED,2.414649,11173,1
114:188,NOT_VERIFIED,2.008953,11173,1
114:198,NOT_VERIFIED,2.815981,11173,1
114:220,NOT_VERIFIED,2.227034,11173,1
114:288,NOT_VERIFIED,2.595864,11173,1
114:334,NOT_VERIFIED,2.885048,11173,1
114:339,NOT_VERIFIED,2.408164,11173,1
115:45,NOT_VERIFIED,2.849185,11173,1
115:52,NOT_VERIFIED,2.264550,11173,1
115:91,NOT_VERIFIED,2.489409,11173,1
115:146,NOT_VERIFIED,1.538860,11173,1
115:179,NOT_VERIFIED,3.448909,11173,1
115:185,NOT_VERIFIED,2.028219,11173,1
115:201,NOT_VERIFIED,2.547876,11173,1
115:209,NOT_VERIFIED,1.849257,11173,1
115:211,NOT_VERIFIED,2.875822,11173,1
115:222,NOT_VERIFIED,0.898738,11173,1
115:234,NOT_VERIFIED,1.821380,11173,1
115:239,NOT_VERIFIED,2.338727,11173,1
115:241,NOT_VERIFIED,2.490777,11173,1
115:341,NOT_VERIFIED,2.644862,11173,1
115:358,NOT_VERIFIED,2.744348,11173,1
115:373,NOT_VERIFIED,2.327381,11173,1
116:44,NOT_VERIFIED,2.432655,11173,1
116:53,VERIFIED,3.174268,11173,0
116:147,NOT_VERIFIED,1.049919,11173,1
116:177,NOT_VERIFIED,2.718520,11173,1
116:178,NOT_VERIFIED,2.782588,11173,1
116:209,NOT_VERIFIED,2.621052,11173,1
116:281,NOT_VERIFIED,2.172131,11173,1
116:392,NOT_VERIFIED,1.714908,11173,1
117:44,NOT_VERIFIED,2.669066,11173,1
117:51,NOT_VERIFIED,2.870715,11173,1
117:90,NOT_VERIFIED,2.482614,11173,1
117:93,NOT_VERIFIED,2.437806,11173,1
117:139,NOT_VERIFIED,2.413494,11173,1
117:145,NOT_VERIFIED,2.635123,11173,1
117:179,NOT_VERIFIED,2.246712,11173,1
117:202,NOT_VERIFIED,2.740548,11173,1
117:282,NOT_VERIFIED,2.500569,11173,1
117:319,NOT_VERIFIED,2.504537,11173,1
117:365,NOT_VERIFIED,2.780332,11173,1
117:373,NOT_VERIFIED,2.674661,11173,1
118:6,NOT_VERIFIED,2.601481,11173,1
118:45,NOT_VERIFIED,2.473070,11173,1
118:139,NOT_VERIFIED,2.342327,11173,1
118:140,NOT_VERIFIED,2.328273,11173,1
118:183,NOT_VERIFIED,2.705381,11173,1
118:200,NOT_VERIFIED,2.729881,11173,1
118:228,NOT_VERIFIED,2.321073,11173,1
118:239,NOT_VERIFIED,2.755880,11173,1
118:295,NOT_VERIFIED,2.425293,11173,1
118:314,NOT_VERIFIED,2.646479,11173,1
118:340,NOT_VERIFIED,2.209512,11173,1
119:76,NOT_VERIFIED,2.821283,11173,1
119:151,NOT_VERIFIED,1.824897,11173,1
119:182,NOT_VERIFIED,2.413621,11173,1
119:191,NOT_VERIFIED,1.882844,11173,1
119:199,NOT_VERIFIED,3.063688,11173,1
119:204,NOT_VERIFIED,1.962896,11173,1
119:219,NOT_VERIFIED,2.424013,11173,1
119:221,NOT_VERIFIED,2.218102,11173,1
119:231,NOT_VERIFIED,2.368216,11173,1
119:246,NOT_VERIFIED,2.798642,11173,1
119:250,NOT_VERIFIED,2.789237,11173,1
119:353,NOT_VERIFIED,2.288505,11173,1
119:379,NOT_VERIFIED,2.623067,11173,1
120:46,NOT_VERIFIED,2.308938,11173,1
120:50,NOT_VERIFIED,1.901945,11173,1
120:77,NOT_VERIFIED,2.854598,11173,1
120:96,NOT_VERIFIED,2.377764,11173,1
120:150,NOT_VERIFIED,2.100924,11173,1
120:198,NOT_VERIFIED,2.485329,11173,1
120:204,NOT_VERIFIED,2.223303,11173,1
120:284,NOT_VERIFIED,2.571752,11173,1
120:355,NOT_VERIFIED,2.297272,11173,1
120:360,NOT_VERIFIED,2.321610,11173,1
120:368,NOT_VERIFIED,2.816307,11173,1
121:46,NOT_VERIFIED,2.549976,11173,1
121:75,NOT_VERIFIED,2.735822,11173,1
121:154,NOT_VERIFIED,0.965758,11173,1
121:192,NOT_VERIFIED,1.538539,11173,1
121:203,NOT_VERIFIED,2.238251,11173,1
121:205,NOT_VERIFIED,2.233036,11173,1
121:219,NOT_VERIFIED,1.498812,11173,1
121:232,NOT_VERIFIED,2.430651,11173,1
121:283,NOT_VERIFIED,2.692555,11173,1
122:89,NOT_VERIFIED,2.088673,11173,1
122:163,NOT_VERIFIED,2.426209,11173,1
122:179,NOT_VERIFIED,2.011439,11173,1
122:185,NOT_VERIFIED,2.330832,11173,1
122:186,NOT_VERIFIED,0.657003,11173,1
122:195,NOT_VERIFIED,2.564987,11173,1
122:212,NOT_VERIFIED,2.448672,11173,1
122:213,NOT_VERIFIED,2.551916,11173,1
122:229,NOT_VERIFIED,2.559510,11173,1
122:237,NOT_VERIFIED,2.260071,11173,1
122:238,NOT_VERIFIED,2.222548,11173,1
122:321,NOT_VERIFIED,2.531495,11173,1
122:385,NOT_VERIFIED,2.714368,11173,1
123:49,NOT_VERIFIED,2.493032,11173,1
123:54,NOT_VERIFIED,2.304082,11173,1
123:88,NOT_VERIFIED,2.657317,11173,1
123:95,NOT_VERIFIED,2.247060,11173,1
123:160,NOT_VERIFIED,1.744315,11173,1
123:185,NOT_VERIFIED,2.291978,11173,1
123:187,NOT_VERIFIED,2.199521,11173,1
123:196,NOT_VERIFIED,2.271215,11173,1
123:287,NOT_VERIFIED,2.681784,11173,1
123:336,NOT_VERIFIED,2.710875,11173,1
123:358,NOT_VERIFIED,2.587199,11173,1
124:49,NOT_VERIFIED,2.797520,11173,1
124:87,NOT_VERIFIED,1.700254,11173,1
124:164,NOT_VERIFIED,2.243249,11173,1
124:183,NOT_VERIFIED,3.601909,11173,1
124:184,NOT_VERIFIED,2.419852,11173,1
124:188,NOT_VERIFIED,2.033129,11173,1
124:212,NOT_VERIFIED,2.462554,11173,1
124:288,NOT_VERIFIED,2.969544,11173,1
124:312,NOT_VERIFIED,2.528503,11173,1
125:62,NOT_VERIFIED,2.695304,11173,1
125:86,NOT_VERIFIED,2.318313,11173,1
125:173,NOT_VERIFIED,2.071400,11173,1
125:177,NOT_VERIFIED,2.757135,11173,1
125:178,NOT_VERIFIED,2.399056,11173,1
125:189,NOT_VERIFIED,1.365880,11173,1
125:196,NOT_VERIFIED,2.553422,11173,1
125:202,NOT_VERIFIED,2.358250,11173,1
125:211,NOT_VERIFIED,3.007888,11173,1
125:234,NOT_VERIFIED,1.971601,11173,1
125:242,NOT_VERIFIED,2.426048,11173,1
125:319,NOT_VERIFIED,2.376308,11173,1
125:325,NOT_VERIFIED,2.822095,11173,1
125:329,NOT_VERIFIED,2.330102,11173,1
125:336,NOT_VERIFIED,3.359180,11173,1
125:362,NOT_VERIFIED,3.299469,11173,1
126:45,NOT_VERIFIED,2.523406,11173,1
126:60,NOT_VERIFIED,2.470013,11173,1
126:174,NOT_VERIFIED,2.566221,11173,1
126:177,NOT_VERIFIED,2.524995,11173,1
126:200,NOT_VERIFIED,2.638197,11173,1
126:201,NOT_VERIFIED,2.454361,11173,1
126:286,NOT_VERIFIED,2.175247,11173,1
126:384,NOT_VERIFIED,3.039554,11173,1
127:44,NOT_VERIFIED,2.345168,11173,1
127:60,NOT_VERIFIED,2.129388,11173,1
127:61,NOT_VERIFIED,2.639092,11173,1
127:85,NOT_VERIFIED,2.531764,11173,1
127:97,NOT_VERIFIED,2.554957,11173,1
127:170,NOT_VERIFIED,0.666568,11173,1
127:175,NOT_VERIFIED,2.277181,11173,1
127:202,NOT_VERIFIED,2.397385,11173,1
127:210,NOT_VERIFIED,1.985901,11173,1
127:285,NOT_VERIFIED,2.381184,11173,1
127:354,NOT_VERIFIED,2.642263,11173,1
127:362,NOT_VERIFIED,2.700301,11173,1
128:5,NOT_VERIFIED,2.687788,11173,1
128:62,NOT_VERIFIED,2.436480,11173,1
128:175,NOT_VERIFIED,2.939593,11173,1
128:176,NOT_VERIFIED,2.372257,11173,1
128:194,NOT_VERIFIED,4.542659,11173,1
128:209,NOT_VERIFIED,2.496927,11173,1
128:233,NOT_VERIFIED,2.395593,11173,1
128:234,NOT_VERIFIED,2.330110,11173,1
128:243,NOT_VERIFIED,2.652172,11173,1
128:318,NOT_VERIFIED,2.509887,11173,1
128:326,NOT_VERIFIED,2.403428,11173,1
129:78,NOT_VERIFIED,2.192556,11173,1
129:169,NOT_VERIFIED,0.588321,11173,1
129:180,NOT_VERIFIED,2.040628,11173,1
129:181,NOT_VERIFIED,2.202030,11173,1
129:198,NOT_VERIFIED,2.085960,11173,1
129:207,NOT_VERIFIED,2.438999,11173,1
129:218,NOT_VERIFIED,2.317106,11173,1
129:222,NOT_VERIFIED,0.999418,11173,1
129:235,NOT_VERIFIED,2.647040,11173,1
129:251,NOT_VERIFIED,2.395779,11173,1
129:309,NOT_VERIFIED,2.047532,11173,1
129:323,NOT_VERIFIED,2.152687,11173,1
129:328,NOT_VERIFIED,2.360774,11173,1
129:330,NOT_VERIFIED,2.703930,11173,1
129:339,NOT_VERIFIED,2.313229,11173,1
129:360,NOT_VERIFIED,2.630333,11173,1
130:2,NOT_VERIFIED,1.697542,11173,1
130:197,NOT_VERIFIED,2.268615,11173,1
130:215,NOT_VERIFIED,1.747982,11173,1
130:235,NOT_VERIFIED,1.876924,11173,1
130:252,NOT_VERIFIED,1.682224,11173,1
130:310,NOT_VERIFIED,2.651615,11173,1
130:323,NOT_VERIFIED,2.293717,11173,1
130:324,NOT_VERIFIED,2.011132,11173,1
130:327,NOT_VERIFIED,1.844145,11173,1
130:352,NOT_VERIFIED,1.727075,11173,1
130:364,NOT_VERIFIED,2.254454,11173,1
130:381,NOT_VERIFIED,1.895238,11173,1
131:47,NOT_VERIFIED,2.223994,11173,1
131:59,NOT_VERIFIED,2.594335,11173,1
131:79,NOT_VERIFIED,2.124656,11173,1
131:92,NOT_VERIFIED,2.337785,11173,1
131:165,NOT_VERIFIED,1.274959,11173,1
131:207,NOT_VERIFIED,2.230533,11173,1
131:217,NOT_VERIFIED,1.753023,11173,1
131:281,NOT_VERIFIED,2.825946,11173,1
131:298,NOT_VERIFIED,2.176228,11173,1
131:309,NOT_VERIFIED,2.633690,11173,1
131:352,NOT_VERIFIED,2.179798,11173,1
131:356,NOT_VERIFIED,2.151142,11173,1
132:48,NOT_VERIFIED,2.567003,11173,1
132:59,NOT_VERIFIED,2.241802,11173,1
132:168,NOT_VERIFIED,0.272043,11173,1
132:180,NOT_VERIFIED,1.991614,11173,1
132:206,NOT_VERIFIED,1.948522,11173,1
132:208,NOT_VERIFIED,1.756195,11173,1
132:282,NOT_VERIFIED,3.064553,11173,1
133:81,NOT_VERIFIED,2.316233,11173,1
133:166,NOT_VERIFIED,0.296152,11173,1
133:183,NOT_VERIFIED,2.167088,11173,1
133:184,NOT_VERIFIED,2.071588,11173,1
133:191,NOT_VERIFIED,0.275730,11173,1
133:196,NOT_VERIFIED,2.445953,11173,1
133:202,NOT_VERIFIED,2.100893,11173,1
133:213,NOT_VERIFIED,2.176446,11173,1
133:226,NOT_VERIFIED,2.063770,11173,1
133:228,NOT_VERIFIED,2.489809,11173,1
133:237,NOT_VERIFIED,2.214191,11173,1
133:245,NOT_VERIFIED,2.405480,11173,1
133:393,NOT_VERIFIED,2.184799,11173,1
134:63,NOT_VERIFIED,2.108375,11173,1
134:80,NOT_VERIFIED,0.997553,11173,1
134:167,NOT_VERIFIED,0.992140,11173,1
134:183,NOT_VERIFIED,2.238888,11173,1
134:194,NOT_VERIFIED,2.546489,11173,1
134:195,NOT_VERIFIED,2.239997,11173,1
134:284,NOT_VERIFIED,2.585967,11173,1
134:295,NOT_VERIFIED,1.871433,11173,1
134:355,NOT_VERIFIED,2.271297,11173,1
135:49,NOT_VERIFIED,2.299972,11173,1
135:63,NOT_VERIFIED,1.864724,11173,1
135:82,NOT_VERIFIED,2.448591,11173,1
135:92,NOT_VERIFIED,2.256617,11173,1
135:165,NOT_VERIFIED,1.760191,11173,1
135:192,NOT_VERIFIED,2.006697,11173,1
135:196,NOT_VERIFIED,2.303334,11173,1
135:214,NOT_VERIFIED,2.496003,11173,1
135:225,NOT_VERIFIED,2.186961,11173,1
135:283,NOT_VERIFIED,2.181674,11173,1
135:329,NOT_VERIFIED,2.100093,11173,1
136:48,NOT_VERIFIED,1.728225,11173,1
136:57,NOT_VERIFIED,2.082764,11173,1
136:73,NOT_VERIFIED,2.107949,11173,1
136:158,NOT_VERIFIED,0.800450,11173,1
136:182,NOT_VERIFIED,0.921479,11173,1
136:189,NOT_VERIFIED,0.801223,11173,1
136:204,NOT_VERIFIED,2.293807,11173,1
136:208,NOT_VERIFIED,2.327259,11173,1
136:215,NOT_VERIFIED,0.798236,11173,1
136:218,NOT_VERIFIED,2.171741,11173,1
136:235,NOT_VERIFIED,2.150721,11173,1
136:247,NOT_VERIFIED,2.105838,11173,1
136:248,NOT_VERIFIED,2.326562,11173,1
136:335,NOT_VERIFIED,0.935981,11173,1
136:351,NOT_VERIFIED,2.699953,11173,1
136:368,NOT_VERIFIED,2.108641,11173,1
137:47,NOT_VERIFIED,0.932135,11173,1
137:55,NOT_VERIFIED,2.195995,11173,1
137:74,NOT_VERIFIED,2.208241,11173,1
137:94,NOT_VERIFIED,2.121996,11173,1
137:141,NOT_VERIFIED,2.264148,11173,1
137:155,NOT_VERIFIED,2.228721,11173,1
137:182,NOT_VERIFIED,0.927422,11173,1
137:207,NOT_VERIFIED,2.425659,11173,1
137:236,NOT_VERIFIED,2.442806,11173,1
137:286,NOT_VERIFIED,2.121643,11173,1
137:328,NOT_VERIFIED,0.932422,11173,1
137:351,NOT_VERIFIED,2.480463,11173,1
138:47,NOT_VERIFIED,2.913132,11173,1
138:56,NOT_VERIFIED,2.671677,11173,1
138:157,NOT_VERIFIED,2.468452,11173,1
138:180,NOT_VERIFIED,2.210530,11173,1
138:181,NOT_VERIFIED,2.264748,11173,1
138:215,NOT_VERIFIED,2.237693,11173,1
138:285,NOT_VERIFIED,2.500029,11173,1
139:5,NOT_VERIFIED,2.233371,11173,1
139:45,NOT_VERIFIED,2.557668,11173,1
139:177,NOT_VERIFIED,3.035498,11173,1
139:194,NOT_VERIFIED,2.689684,11173,1
139:240,NOT_VERIFIED,2.298680,11173,1
139:272,NOT_VERIFIED,0.671151,11173,1
139:295,NOT_VERIFIED,1.944052,11173,1
139:319,NOT_VERIFIED,2.228132,11173,1
139:322,NOT_VERIFIED,2.540556,11173,1
139:373,NOT_VERIFIED,2.651417,11173,1
140:173,NOT_VERIFIED,2.435752,11173,1
140:196,NOT_VERIFIED,2.385816,11173,1
140:228,NOT_VERIFIED,2.364060,11173,1
140:274,NOT_VERIFIED,2.742212,11173,1
140:358,NOT_VERIFIED,2.483669,11173,1
140:361,NOT_VERIFIED,2.433566,11173,1
141:2,NOT_VERIFIED,2.101943,11173,1
141:48,NOT_VERIFIED,2.178083,11173,1
141:180,NOT_VERIFIED,2.087583,11173,1
141:197,NOT_VERIFIED,2.318801,11173,1
141:227,NOT_VERIFIED,2.531869,11173,1
141:249,NOT_VERIFIED,2.204174,11173,1
141:311,NOT_VERIFIED,0.930173,11173,1
141:328,NOT_VERIFIED,0.928698,11173,1
141:351,NOT_VERIFIED,2.311432,11173,1
141:366,NOT_VERIFIED,2.175965,11173,1
141:369,NOT_VERIFIED,0.270509,11173,1
142:6,NOT_VERIFIED,2.663131,11173,1
142:52,NOT_VERIFIED,2.393983,11173,1
142:53,NOT_VERIFIED,2.468612,11173,1
142:183,NOT_VERIFIED,2.372638,11173,1
142:209,NOT_VERIFIED,2.036872,11173,1
142:226,NOT_VERIFIED,2.169298,11173,1
142:243,NOT_VERIFIED,2.222031,11173,1
142:263,NOT_VERIFIED,0.347136,11173,1
142:312,NOT_VERIFIED,2.641632,11173,1
142:377,NOT_VERIFIED,2.049337,11173,1
143:4,NOT_VERIFIED,2.469329,11173,1
143:56,NOT_VERIFIED,2.217110,11173,1
143:57,NOT_VERIFIED,2.235659,11173,1
143:99,NOT_VERIFIED,2.652299,11173,1
143:203,NOT_VERIFIED,2.217054,11173,1
143:215,NOT_VERIFIED,2.291185,11173,1
143:230,NOT_VERIFIED,2.455892,11173,1
143:232,NOT_VERIFIED,2.142719,11173,1
143:252,NOT_VERIFIED,2.122826,11173,1
143:267,NOT_VERIFIED,2.213374,11173,1
143:332,NOT_VERIFIED,2.430815,11173,1
144:99,NOT_VERIFIED,2.661724,11173,1
144:158,NOT_VERIFIED,2.431384,11173,1
144:204,NOT_VERIFIED,2.651518,11173,1
144:216,NOT_VERIFIED,2.231987,11173,1
144:231,NOT_VERIFIED,2.835138,11173,1
144:271,NOT_VERIFIED,2.693063,11173,1
144:333,NOT_VERIFIED,2.424212,11173,1
145:21,NOT_VERIFIED,0.790220,11173,1
145:28,NOT_VERIFIED,0.725561,11173,1
145:32,NOT_VERIFIED,0.486302,11173,1
145:40,NOT_VERIFIED,0.462691,11173,1
145:158,NOT_VERIFIED,0.274369,11173,1
145:166,NOT_VERIFIED,0.651521,11173,1
145:186,NOT_VERIFIED,0.301122,11173,1
145:190,NOT_VERIFIED,1.804852,11173,1
145:216,NOT_VERIFIED,1.849120,11173,1
145:272,NOT_VERIFIED,0.224209,11173,1
145:335,NOT_VERIFIED,0.925234,11173,1
145:348,NOT_VERIFIED,0.205839,11173,1
145:370,NOT_VERIFIED,0.271530,11173,1
145:372,NOT_VERIFIED,0.216291,11173,1
146:39,NOT_VERIFIED,0.202247,11173,1
146:155,NOT_VERIFIED,0.208221,11173,1
146:185,NOT_VERIFIED,1.477341,11173,1
146:186,NOT_VERIFIED,0.277660,11173,1
146:187,NOT_VERIFIED,1.360773,11173,1
146:253,NOT_VERIFIED,0.643091,11173,1
146:254,NOT_VERIFIED,0.214116,11173,1
146:317,NOT_VERIFIED,2.514309,11173,1
146:320,NOT_VERIFIED,2.338336,11173,1
146:372,NOT_VERIFIED,0.228307,11173,1
147:8,NOT_VERIFIED,0.173315,11173,1
147:20,NOT_VERIFIED,0.189743,11173,1
147:21,NOT_VERIFIED,0.167961,11173,1
147:157,NOT_VERIFIED,1.504899,11173,1
147:254,NOT_VERIFIED,0.445895,11173,1
147:380,NOT_VERIFIED,0.229133,11173,1
148:17,NOT_VERIFIED,0.173317,11173,1
148:19,NOT_VERIFIED,0.174065,11173,1
148:27,NOT_VERIFIED,0.169617,11173,1
148:28,NOT_VERIFIED,0.171351,11173,1
148:167,NOT_VERIFIED,0.215493,11173,1
148:307,NOT_VERIFIED,0.297820,11173,1
148:369,NOT_VERIFIED,0.198267,11173,1
149:17,NOT_VERIFIED,0.263148,11173,1
149:41,NOT_VERIFIED,0.202590,11173,1
149:80,NOT_VERIFIED,1.668550,11173,1
149:165,NOT_VERIFIED,0.208073,11173,1
149:190,NOT_VERIFIED,0.215068,11173,1
149:217,NOT_VERIFIED,1.507868,11173,1
149:227,NOT_VERIFIED,1.774389,11173,1
149:273,NOT_VERIFIED,2.158782,11173,1
149:369,NOT_VERIFIED,0.212257,11173,1
149:382,NOT_VERIFIED,1.732145,11173,1
150:25,NOT_VERIFIED,0.459877,11173,1
150:30,NOT_VERIFIED,0.186527,11173,1
150:34,NOT_VERIFIED,0.192413,11173,1
150:42,NOT_VERIFIED,0.197786,11173,1
150:163,NOT_VERIFIED,0.640939,11173,1
150:169,NOT_VERIFIED,0.265142,11173,1
150:189,NOT_VERIFIED,0.184924,11173,1
150:223,NOT_VERIFIED,0.275370,11173,1
150:263,NOT_VERIFIED,0.266714,11173,1
150:275,NOT_VERIFIED,0.188556,11173,1
150:316,NOT_VERIFIED,0.141611,11173,1
150:360,NOT_VERIFIED,2.236843,11173,1
150:368,NOT_VERIFIED,1.443743,11173,1
150:376,NOT_VERIFIED,0.371755,11173,1
151:43,NOT_VERIFIED,0.318236,11173,1
151:87,NOT_VERIFIED,1.480969,11173,1
151:160,NOT_VERIFIED,0.274688,11173,1
151:182,NOT_VERIFIED,1.640266,11173,1
151:189,NOT_VERIFIED,0.249045,11173,1
151:260,NOT_VERIFIED,0.209679,11173,1
151:262,NOT_VERIFIED,0.615301,11173,1
151:353,NOT_VERIFIED,2.361294,11173,1
151:367,NOT_VERIFIED,0.248018,11173,1
152:18,NOT_VERIFIED,0.387452,11173,1
152:41,NOT_VERIFIED,0.219193,11173,1
152:165,NOT_VERIFIED,0.293585,11173,1
152:176,NOT_VERIFIED,2.155720,11173,1
152:214,NOT_VERIFIED,1.938024,11173,1
152:223,NOT_VERIFIED,0.262975,11173,1
152:276,NOT_VERIFIED,1.662187,11173,1
152:297,NOT_VERIFIED,1.814977,11173,1
152:306,NOT_VERIFIED,0.743165,11173,1
152:346,NOT_VERIFIED,1.777030,11173,1
152:376,NOT_VERIFIED,0.458629,11173,1
153:16,NOT_VERIFIED,0.200124,11173,1
153:18,NOT_VERIFIED,0.195736,11173,1
153:24,NOT_VERIFIED,0.176276,11173,1
153:25,NOT_VERIFIED,0.217335,11173,1
153:168,NOT_VERIFIED,0.834203,11173,1
153:224,NOT_VERIFIED,0.286846,11173,1
153:346,NOT_VERIFIED,0.287826,11173,1
154:29,NOT_VERIFIED,0.201445,11173,1
154:30,NOT_VERIFIED,0.223338,11173,1
154:164,NOT_VERIFIED,0.286007,11173,1
154:260,NOT_VERIFIED,0.620173,11173,1
154:386,NOT_VERIFIED,0.497395,11173,1
155:22,NOT_VERIFIED,0.299071,11173,1
155:27,NOT_VERIFIED,0.149366,11173,1
155:32,NOT_VERIFIED,0.204623,11173,1
155:39,NOT_VERIFIED,0.196647,11173,1
155:172,NOT_VERIFIED,0.195971,11173,1
155:190,NOT_VERIFIED,0.198654,11173,1
155:191,NOT_VERIFIED,0.199306,11173,1
155:259,NOT_VERIFIED,0.951885,11173,1
155:308,NOT_VERIFIED,1.019545,11173,1
155:317,NOT_VERIFIED,0.329784,11173,1
155:341,NOT_VERIFIED,2.233481,11173,1
155:349,NOT_VERIFIED,0.206638,11173,1
155:369,NOT_VERIFIED,0.150674,11173,1
156:21,NOT_VERIFIED,0.227591,11173,1
156:22,NOT_VERIFIED,0.222072,11173,1
156:171,NOT_VERIFIED,0.216340,11173,1
156:272,NOT_VERIFIED,0.496478,11173,1
157:9,NOT_VERIFIED,0.167912,11173,1
157:19,NOT_VERIFIED,0.167273,11173,1
157:26,NOT_VERIFIED,0.168944,11173,1
157:27,NOT_VERIFIED,0.144721,11173,1
157:256,NOT_VERIFIED,1.397742,11173,1
157:375,NOT_VERIFIED,0.229601,11173,1
158:19,NOT_VERIFIED,0.211846,11173,1
158:40,NOT_VERIFIED,0.404372,11173,1
158:191,NOT_VERIFIED,0.363525,11173,1
158:204,NOT_VERIFIED,1.220828,11173,1
158:256,NOT_VERIFIED,0.213874,11173,1
158:258,NOT_VERIFIED,2.151097,11173,1
158:307,NOT_VERIFIED,0.278142,11173,1
158:349,NOT_VERIFIED,1.655154,11173,1
158:355,NOT_VERIFIED,1.304747,11173,1
158:370,NOT_VERIFIED,1.730775,11173,1
158:392,NOT_VERIFIED,0.279119,11173,1
159:38,NOT_VERIFIED,0.204652,11173,1
159:170,NOT_VERIFIED,0.214590,11173,1
159:190,NOT_VERIFIED,0.214402,11173,1
159:193,NOT_VERIFIED,0.211727,11173,1
159:210,NOT_VERIFIED,0.615880,11173,1
159:272,NOT_VERIFIED,0.193876,11173,1
159:273,NOT_VERIFIED,1.514775,11173,1
159:302,NOT_VERIFIED,1.406029,11173,1
159:322,NOT_VERIFIED,2.718218,11173,1
160:24,NOT_VERIFIED,0.514825,11173,1
160:31,NOT_VERIFIED,0.278268,11173,1
160:33,NOT_VERIFIED,0.190987,11173,1
160:43,NOT_VERIFIED,0.202793,11173,1
160:173,NOT_VERIFIED,0.455876,11173,1
160:222,NOT_VERIFIED,0.978449,11173,1
160:223,NOT_VERIFIED,0.598015,11173,1
160:267,NOT_VERIFIED,0.643705,11173,1
160:294,NOT_VERIFIED,2.240864,11173,1
160:331,NOT_VERIFIED,0.295192,11173,1
160:336,NOT_VERIFIED,1.754808,11173,1
160:346,NOT_VERIFIED,0.305942,11173,1
160:358,NOT_VERIFIED,1.809701,11173,1
161:30,NOT_VERIFIED,0.216238,11173,1
161:31,NOT_VERIFIED,0.221590,11173,1
161:174,NOT_VERIFIED,1.496006,11173,1
161:275,NOT_VERIFIED,0.816359,11173,1
161:367,NOT_VERIFIED,1.878182,11173,1
162:38,NOT_VERIFIED,0.158005,11173,1
162:98,NOT_VERIFIED,1.720319,11173,1
162:170,NOT_VERIFIED,0.930745,11173,1
162:220,NOT_VERIFIED,2.081715,11173,1
162:223,NOT_VERIFIED,0.625985,11173,1
162:275,NOT_VERIFIED,0.278325,11173,1
162:276,NOT_VERIFIED,0.742667,11173,1
162:293,NOT_VERIFIED,2.451714,11173,1
162:305,NOT_VERIFIED,1.649879,11173,1
162:331,NOT_VERIFIED,2.118021,11173,1
162:364,NOT_VERIFIED,2.200392,11173,1
162:381,NOT_VERIFIED,0.146807,11173,1
162:384,NOT_VERIFIED,0.286556,11173,1
163:42,NOT_VERIFIED,0.176158,11173,1
163:75,NOT_VERIFIED,2.127677,11173,1
163:179,NOT_VERIFIED,2.200787,11173,1
163:222,NOT_VERIFIED,0.236299,11173,1
163:224,NOT_VERIFIED,1.953230,11173,1
163:229,NOT_VERIFIED,2.526236,11173,1
163:266,NOT_VERIFIED,0.239209,11173,1
163:268,NOT_VERIFIED,1.803703,11173,1
164:23,NOT_VERIFIED,0.204762,11173,1
164:24,NOT_VERIFIED,0.152170,11173,1
164:266,NOT_VERIFIED,0.282365,11173,1
165:20,NOT_VERIFIED,0.259073,11173,1
165:29,NOT_VERIFIED,0.798959,11173,1
165:34,NOT_VERIFIED,0.164545,11173,1
165:41,NOT_VERIFIED,0.525215,11173,1
165:186,NOT_VERIFIED,0.161810,11173,1
165:189,NOT_VERIFIED,0.263119,11173,1
165:225,NOT_VERIFIED,2.071271,11173,1
165:254,NOT_VERIFIED,0.271144,11173,1
165:260,NOT_VERIFIED,0.181547,11173,1
165:297,NOT_VERIFIED,1.703310,11173,1
165:303,NOT_VERIFIED,0.265557,11173,1
165:329,NOT_VERIFIED,0.759766,11173,1
166:8,NOT_VERIFIED,0.339808,11173,1
166:40,NOT_VERIFIED,0.151042,11173,1
166:70,NOT_VERIFIED,0.264551,11173,1
166:189,NOT_VERIFIED,0.158031,11173,1
166:202,NOT_VERIFIED,0.208703,11173,1
166:226,NOT_VERIFIED,1.792339,11173,1
166:262,NOT_VERIFIED,0.862171,11173,1
166:263,NOT_VERIFIED,1.126487,11173,1
166:380,NOT_VERIFIED,0.314666,11173,1
167:8,NOT_VERIFIED,0.168985,11173,1
167:18,NOT_VERIFIED,0.176541,11173,1
167:20,NOT_VERIFIED,0.177702,11173,1
167:25,NOT_VERIFIED,0.162927,11173,1
167:263,NOT_VERIFIED,0.513010,11173,1
168:17,NOT_VERIFIED,0.148764,11173,1
168:28,NOT_VERIFIED,0.200082,11173,1
168:29,NOT_VERIFIED,0.145719,11173,1
168:348,NOT_VERIFIED,1.627071,11173,1
168:382,NOT_VERIFIED,0.201925,11173,1
169:42,NOT_VERIFIED,0.194415,11173,1
169:186,NOT_VERIFIED,0.204200,11173,1
169:188,NOT_VERIFIED,0.268343,11173,1
169:198,NOT_VERIFIED,0.221025,11173,1
169:253,NOT_VERIFIED,0.636568,11173,1
169:303,NOT_VERIFIED,0.263470,11173,1
169:316,NOT_VERIFIED,0.141186,11173,1
169:347,NOT_VERIFIED,1.864794,11173,1
169:348,NOT_VERIFIED,0.209175,11173,1
169:386,NOT_VERIFIED,0.216352,11173,1
169:388,NOT_VERIFIED,0.940403,11173,1
170:23,NOT_VERIFIED,0.268766,11173,1
170:26,NOT_VERIFIED,0.208397,11173,1
170:33,NOT_VERIFIED,0.211507,11173,1
170:38,NOT_VERIFIED,0.205815,11173,1
170:191,NOT_VERIFIED,0.279436,11173,1
170:222,NOT_VERIFIED,0.390926,11173,1
170:256,NOT_VERIFIED,1.401559,11173,1
170:266,NOT_VERIFIED,0.206923,11173,1
170:293,NOT_VERIFIED,1.360069,11173,1
170:334,NOT_VERIFIED,2.661581,11173,1
170:339,NOT_VERIFIED,2.110379,11173,1
170:357,NOT_VERIFIED,0.645367,11173,1
171:9,NOT_VERIFIED,0.141109,11173,1
171:26,NOT_VERIFIED,0.138115,11173,1
171:31,NOT_VERIFIED,0.147502,11173,1
171:267,NOT_VERIFIED,1.426426,11173,1
171:381,NOT_VERIFIED,0.895565,11173,1
172:9,NOT_VERIFIED,0.205784,11173,1
172:39,NOT_VERIFIED,0.421288,11173,1
172:207,NOT_VERIFIED,2.173048,11173,1
172:222,NOT_VERIFIED,0.424887,11173,1
172:230,NOT_VERIFIED,2.104351,11173,1
172:267,NOT_VERIFIED,1.144019,11173,1
172:268,NOT_VERIFIED,1.945926,11173,1
172:304,NOT_VERIFIED,2.077540,11173,1
172:375,NOT_VERIFIED,1.355269,11173,1
173:43,NOT_VERIFIED,0.175603,11173,1
173:191,NOT_VERIFIED,0.691771,11173,1
173:192,NOT_VERIFIED,2.011278,11173,1
173:196,NOT_VERIFIED,2.101301,11173,1
173:258,NOT_VERIFIED,0.682813,11173,1
173:259,NOT_VERIFIED,0.329109,11173,1
173:294,NOT_VERIFIED,2.097914,11173,1
173:357,NOT_VERIFIED,1.811429,11173,1
174:22,NOT_VERIFIED,0.198098,11173,1
174:23,NOT_VERIFIED,0.212599,11173,1
174:193,NOT_VERIFIED,0.403080,11173,1
174:259,NOT_VERIFIED,0.153131,11173,1
175:7,NOT_VERIFIED,2.336257,11173,1
175:61,NOT_VERIFIED,2.133347,11173,1
175:62,NOT_VERIFIED,2.602169,11173,1
175:200,NOT_VERIFIED,2.229271,11173,1
175:212,NOT_VERIFIED,2.182622,11173,1
175:229,NOT_VERIFIED,2.314886,11173,1
175:266,NOT_VERIFIED,1.813617,11173,1
175:314,NOT_VERIFIED,2.590743,11173,1
175:318,NOT_VERIFIED,2.000950,11173,1
175:362,NOT_VERIFIED,2.610625,11173,1
176:214,NOT_VERIFIED,2.783904,11173,1
176:233,NOT_VERIFIED,2.161915,11173,1
176:269,NOT_VERIFIED,2.189475,11173,1
176:329,NOT_VERIFIED,2.618837,11173,1
176:337,NOT_VERIFIED,2.555257,11173,1
177:3,NOT_VERIFIED,1.867203,11173,1
177:200,NOT_VERIFIED,2.235045,11173,1
177:202,NOT_VERIFIED,2.393814,11173,1
177:209,NOT_VERIFIED,2.584410,11173,1
177:240,NOT_VERIFIED,2.225681,11173,1
177:259,NOT_VERIFIED,1.492879,11173,1
177:308,NOT_VERIFIED,2.320123,11173,1
177:318,VERIFIED,2.659391,11173,0
177:325,NOT_VERIFIED,2.161951,11173,1
177:344,NOT_VERIFIED,2.282928,11173,1
177:380,NOT_VERIFIED,0.204742,11173,1
177:389,NOT_VERIFIED,2.349560,11173,1
178:20,NOT_VERIFIED,0.231955,11173,1
178:44,NOT_VERIFIED,2.288055,11173,1
178:61,VERIFIED,2.838691,11173,0
178:63,NOT_VERIFIED,1.825181,11173,1
178:234,NOT_VERIFIED,1.978514,11173,1
178:239,NOT_VERIFIED,2.199069,11173,1
178:258,NOT_VERIFIED,2.097444,11173,1
178:314,NOT_VERIFIED,2.210156,11173,1
178:329,NOT_VERIFIED,2.356917,11173,1
178:374,NOT_VERIFIED,2.289144,11173,1
179:44,NOT_VERIFIED,2.149316,11173,1
179:45,NOT_VERIFIED,2.593070,11173,1
179:60,NOT_VERIFIED,2.122257,11173,1
179:186,NOT_VERIFIED,0.638758,11173,1
179:209,NOT_VERIFIED,2.034591,11173,1
179:233,NOT_VERIFIED,2.557205,11173,1
179:264,NOT_VERIFIED,2.359046,11173,1
179:300,NOT_VERIFIED,2.152108,11173,1
179:325,NOT_VERIFIED,2.304351,11173,1
179:329,NOT_VERIFIED,2.357809,11173,1
180:7,NOT_VERIFIED,0.278706,11173,1
180:99,NOT_VERIFIED,2.158160,11173,1
180:206,NOT_VERIFIED,2.571248,11173,1
180:207,NOT_VERIFIED,1.802283,11173,1
180:215,NOT_VERIFIED,2.146947,11173,1
180:216,NOT_VERIFIED,2.089742,11173,1
180:249,NOT_VERIFIED,2.082633,11173,1
180:310,NOT_VERIFIED,2.233892,11173,1
180:330,NOT_VERIFIED,2.349936,11173,1
180:348,NOT_VERIFIED,0.212794,11173,1
180:371,NOT_VERIFIED,2.463858,11173,1
180:375,NOT_VERIFIED,1.672704,11173,1
181:26,NOT_VERIFIED,0.546039,11173,1
181:47,NOT_VERIFIED,2.129951,11173,1
181:58,NOT_VERIFIED,2.572827,11173,1
181:98,NOT_VERIFIED,2.653216,11173,1
181:235,NOT_VERIFIED,2.041015,11173,1
181:247,NOT_VERIFIED,2.261948,11173,1
181:253,NOT_VERIFIED,2.589140,11173,1
181:296,NOT_VERIFIED,2.129756,11173,1
181:339,NOT_VERIFIED,2.632426,11173,1
181:342,VERIFIED,2.763930,11173,0
181:356,NOT_VERIFIED,2.216103,11173,1
182:47,NOT_VERIFIED,0.925922,11173,1
182:48,NOT_VERIFIED,0.964763,11173,1
182:59,NOT_VERIFIED,2.323436,11173,1
182:191,NOT_VERIFIED,0.657568,11173,1
182:215,NOT_VERIFIED,1.761101,11173,1
182:255,NOT_VERIFIED,2.131179,11173,1
182:315,NOT_VERIFIED,2.677513,11173,1
182:324,NOT_VERIFIED,2.019120,11173,1
182:330,NOT_VERIFIED,2.062706,11173,1
182:339,NOT_VERIFIED,2.241093,11173,1
183:6,NOT_VERIFIED,2.411821,11173,1
183:62,NOT_VERIFIED,2.364192,11173,1
183:194,NOT_VERIFIED,2.596613,11173,1
183:196,NOT_VERIFIED,2.307494,11173,1
183:212,NOT_VERIFIED,2.424511,11173,1
183:263,NOT_VERIFIED,0.632773,11173,1
183:390,NOT_VERIFIED,2.646501,11173,1
183:393,NOT_VERIFIED,2.270984,11173,1
184:23,NOT_VERIFIED,0.652288,11173,1
184:49,NOT_VERIFIED,2.716932,11173,1
184:60,NOT_VERIFIED,1.881653,11173,1
184:237,NOT_VERIFIED,1.873152,11173,1
184:238,NOT_VERIFIED,2.546534,11173,1
184:262,NOT_VERIFIED,2.148703,11173,1
184:343,VERIFIED,2.642836,11173,0
185:49,NOT_VERIFIED,2.249759,11173,1
185:61,NOT_VERIFIED,2.275912,11173,1
185:63,NOT_VERIFIED,1.759671,11173,1
185:212,NOT_VERIFIED,2.253984,11173,1
185:222,NOT_VERIFIED,1.826366,11173,1
185:265,NOT_VERIFIED,2.078226,11173,1
185:320,NOT_VERIFIED,2.195630,11173,1
185:393,NOT_VERIFIED,2.338700,11173,1
186:21,NOT_VERIFIED,1.271050,11173,1
186:29,NOT_VERIFIED,0.278089,11173,1
186:38,NOT_VERIFIED,1.936441,11173,1
186:43,NOT_VERIFIED,2.044982,11173,1
186:68,NOT_VERIFIED,0.268526,11173,1
186:74,NOT_VERIFIED,1.787603,11173,1
186:191,NOT_VERIFIED,0.356473,11173,1
186:207,NOT_VERIFIED,0.207036,11173,1
186:223,NOT_VERIFIED,0.270378,11173,1
186:254,NOT_VERIFIED,0.221781,11173,1
186:262,NOT_VERIFIED,0.267927,11173,1
186:273,NOT_VERIFIED,0.179751,11173,1
186:321,NOT_VERIFIED,1.546673,11173,1
186:345,NOT_VERIFIED,0.926604,11173,1
186:348,NOT_VERIFIED,1.337421,11173,1
186:386,NOT_VERIFIED,0.801074,11173,1
187:2,NOT_VERIFIED,0.221011,11173,1
187:22,NOT_VERIFIED,0.227187,11173,1
187:253,NOT_VERIFIED,1.343733,11173,1
187:270,NOT_VERIFIED,1.139595,11173,1
187:274,NOT_VERIFIED,2.090808,11173,1
187:311,NOT_VERIFIED,0.211820,11173,1
187:358,NOT_VERIFIED,1.716270,11173,1
187:367,NOT_VERIFIED,1.338861,11173,1
187:386,NOT_VERIFIED,0.327192,11173,1
188:6,NOT_VERIFIED,0.642113,11173,1
188:30,NOT_VERIFIED,0.626577,11173,1
188:193,NOT_VERIFIED,0.632365,11173,1
188:253,NOT_VERIFIED,1.484650,11173,1
188:255,NOT_VERIFIED,1.369869,11173,1
188:261,NOT_VERIFIED,0.708088,11173,1
188:312,NOT_VERIFIED,1.501439,11173,1
188:339,NOT_VERIFIED,2.163424,11173,1
189:20,NOT_VERIFIED,0.290155,11173,1
189:30,NOT_VERIFIED,0.264255,11173,1
189:38,NOT_VERIFIED,0.541454,11173,1
189:39,NOT_VERIFIED,0.220153,11173,1
189:52,NOT_VERIFIED,1.467865,11173,1
189:71,NOT_VERIFIED,2.156764,11173,1
189:88,NOT_VERIFIED,1.575795,11173,1
189:190,NOT_VERIFIED,0.213950,11173,1
189:196,NOT_VERIFIED,1.296454,11173,1
189:204,NOT_VERIFIED,1.104462,11173,1
189:222,NOT_VERIFIED,0.160902,11173,1
189:253,NOT_VERIFIED,0.998145,11173,1
189:260,NOT_VERIFIED,0.349103,11173,1
189:263,NOT_VERIFIED,0.351528,11173,1
189:276,NOT_VERIFIED,0.275005,11173,1
189:356,NOT_VERIFIED,2.132327,11173,1
189:367,NOT_VERIFIED,1.566717,11173,1
189:380,NOT_VERIFIED,2.118439,11173,1
190:22,NOT_VERIFIED,0.467501,11173,1
190:28,NOT_VERIFIED,0.236274,11173,1
190:42,NOT_VERIFIED,0.213361,11173,1
190:43,NOT_VERIFIED,0.198075,11173,1
190:82,NOT_VERIFIED,0.327194,11173,1
190:84,NOT_VERIFIED,2.090843,11173,1
190:98,NOT_VERIFIED,0.290934,11173,1
190:193,NOT_VERIFIED,0.201986,11173,1
190:214,NOT_VERIFIED,0.968317,11173,1
190:220,NOT_VERIFIED,0.274035,11173,1
190:222,NOT_VERIFIED,0.204343,11173,1
190:253,NOT_VERIFIED,0.528483,11173,1
190:258,NOT_VERIFIED,0.282656,11173,1
190:272,NOT_VERIFIED,0.637546,11173,1
190:319,NOT_VERIFIED,2.196528,11173,1
190:328,NOT_VERIFIED,0.279236,11173,1
190:369,NOT_VERIFIED,0.148124,11173,1
190:382,NOT_VERIFIED,0.404555,11173,1
191:23,NOT_VERIFIED,0.236657,11173,1
191:27,NOT_VERIFIED,0.677526,11173,1
191:41,NOT_VERIFIED,1.185923,11173,1
191:42,NOT_VERIFIED,0.276726,11173,1
191:65,NOT_VERIFIED,2.201108,11173,1
191:90,NOT_VERIFIED,2.116046,11173,1
191:202,NOT_VERIFIED,0.269865,11173,1
191:223,NOT_VERIFIED,0.952832,11173,1
191:228,NOT_VERIFIED,2.249990,11173,1
191:231,NOT_VERIFIED,2.111232,11173,1
191:256,NOT_VERIFIED,0.267145,11173,1
191:259,NOT_VERIFIED,1.274736,11173,1
191:268,NOT_VERIFIED,0.939988,11173,1
191:273,NOT_VERIFIED,0.268944,11173,1
191:307,NOT_VERIFIED,0.220068,11173,1
192:4,NOT_VERIFIED,1.367279,11173,1
192:24,NOT_VERIFIED,0.210955,11173,1
192:232,NOT_VERIFIED,2.172086,11173,1
192:258,NOT_VERIFIED,1.867875,11173,1
192:264,NOT_VERIFIED,2.275143,11173,1
192:269,NOT_VERIFIED,2.216313,11173,1
192:307,NOT_VERIFIED,0.887057,11173,1
192:329,NOT_VERIFIED,2.192259,11173,1
192:382,NOT_VERIFIED,0.219293,11173,1
193:4,NOT_VERIFIED,0.200794,11173,1
193:30,NOT_VERIFIED,0.200230,11173,1
193:42,NOT_VERIFIED,0.201714,11173,1
193:200,NOT_VERIFIED,0.617398,11173,1
193:259,NOT_VERIFIED,0.625290,11173,1
193:266,NOT_VERIFIED,0.227672,11173,1
193:332,NOT_VERIFIED,2.488804,11173,1
193:383,NOT_VERIFIED,2.159639,11173,1
194:5,NOT_VERIFIED,2.220298,11173,1
194:53,NOT_VERIFIED,2.541964,11173,1
194:212,NOT_VERIFIED,2.175726,11173,1
194:214,NOT_VERIFIED,2.246508,11173,1
194:272,NOT_VERIFIED,2.499992,11173,1
194:389,NOT_VERIFIED,2.854094,11173,1
195:25,NOT_VERIFIED,1.011502,11173,1
195:51,NOT_VERIFIED,2.943086,11173,1
195:63,NOT_VERIFIED,2.667980,11173,1
195:237,NOT_VERIFIED,2.631698,11173,1
195:245,NOT_VERIFIED,2.249929,11173,1
195:273,NOT_VERIFIED,2.137952,11173,1
195:374,NOT_VERIFIED,2.501470,11173,1
196:52,NOT_VERIFIED,2.337337,11173,1
196:54,NOT_VERIFIED,2.456119,11173,1
196:63,NOT_VERIFIED,2.266458,11173,1
196:274,NOT_VERIFIED,2.090234,11173,1
197:2,NOT_VERIFIED,1.696560,11173,1
197:56,NOT_VERIFIED,2.111258,11173,1
197:203,NOT_VERIFIED,1.977417,11173,1
197:219,NOT_VERIFIED,2.242576,11173,1
197:220,NOT_VERIFIED,2.044551,11173,1
197:369,NOT_VERIFIED,0.289714,11173,1
197:381,NOT_VERIFIED,1.699202,11173,1
197:387,NOT_VERIFIED,2.208585,11173,1
198:50,NOT_VERIFIED,2.128517,11173,1
198:57,NOT_VERIFIED,2.117316,11173,1
198:58,NOT_VERIFIED,2.117235,11173,1
198:203,NOT_VERIFIED,2.572395,11173,1
198:222,NOT_VERIFIED,1.011768,11173,1
198:278,NOT_VERIFIED,2.114262,11173,1
198:347,NOT_VERIFIED,3.268840,11173,1
198:387,NOT_VERIFIED,2.265478,11173,1
199:31,NOT_VERIFIED,1.523913,11173,1
199:55,NOT_VERIFIED,2.483436,11173,1
199:58,NOT_VERIFIED,2.153676,11173,1
199:244,NOT_VERIFIED,2.209223,11173,1
199:250,NOT_VERIFIED,2.629914,11173,1
199:273,NOT_VERIFIED,2.056066,11173,1
199:342,VERIFIED,2.713942,11173,0
200:209,NOT_VERIFIED,2.561907,11173,1
200:210,NOT_VERIFIED,2.287419,11173,1
200:312,NOT_VERIFIED,2.119836,11173,1
200:313,NOT_VERIFIED,2.090364,11173,1
200:314,NOT_VERIFIED,2.598290,11173,1
200:340,NOT_VERIFIED,2.289268,11173,1
200:346,NOT_VERIFIED,1.503145,11173,1
200:358,NOT_VERIFIED,2.518885,11173,1
200:383,NOT_VERIFIED,2.352379,11173,1
201:22,NOT_VERIFIED,1.406560,11173,1
201:52,NOT_VERIFIED,2.591047,11173,1
201:54,NOT_VERIFIED,2.248995,11173,1
201:60,NOT_VERIFIED,2.622685,11173,1
201:234,NOT_VERIFIED,2.286541,11173,1
201:242,NOT_VERIFIED,2.231053,11173,1
201:243,NOT_VERIFIED,2.322552,11173,1
201:276,NOT_VERIFIED,2.534368,11173,1
201:308,NOT_VERIFIED,2.451888,11173,1
201:363,NOT_VERIFIED,2.662280,11173,1
202:51,NOT_VERIFIED,2.793699,11173,1
202:60,NOT_VERIFIED,2.340631,11173,1
202:62,NOT_VERIFIED,2.284143,11173,1
202:277,NOT_VERIFIED,2.138910,11173,1
202:308,NOT_VERIFIED,2.220065,11173,1
202:313,NOT_VERIFIED,1.918883,11173,1
202:321,NOT_VERIFIED,2.357628,11173,1
202:365,NOT_VERIFIED,2.245487,11173,1
203:4,NOT_VERIFIED,0.217749,11173,1
203:219,NOT_VERIFIED,2.214245,11173,1
203:267,NOT_VERIFIED,1.655925,11173,1
203:323,NOT_VERIFIED,2.178190,11173,1
203:366,NOT_VERIFIED,1.988620,11173,1
203:386,NOT_VERIFIED,0.218316,11173,1
203:391,NOT_VERIFIED,2.792394,11173,1
204:46,NOT_VERIFIED,2.177757,11173,1
204:58,NOT_VERIFIED,1.914540,11173,1
204:219,NOT_VERIFIED,2.264526,11173,1
204:271,NOT_VERIFIED,2.431035,11173,1
204:356,NOT_VERIFIED,2.820658,11173,1
204:391,NOT_VERIFIED,1.720260,11173,1
205:29,NOT_VERIFIED,1.360417,11173,1
205:46,NOT_VERIFIED,2.908538,11173,1
205:59,NOT_VERIFIED,2.746431,11173,1
205:246,NOT_VERIFIED,2.384219,11173,1
205:250,NOT_VERIFIED,2.288996,11173,1
205:268,NOT_VERIFIED,2.492803,11173,1
205:350,NOT_VERIFIED,2.316665,11173,1
206:5,NOT_VERIFIED,2.224793,11173,1
206:98,NOT_VERIFIED,2.462109,11173,1
206:215,NOT_VERIFIED,2.141801,11173,1
206:217,NOT_VERIFIED,2.398057,11173,1
206:232,NOT_VERIFIED,2.490697,11173,1
206:275,NOT_VERIFIED,1.420528,11173,1
206:296,NOT_VERIFIED,2.292905,11173,1
206:352,NOT_VERIFIED,2.173965,11173,1
206:359,NOT_VERIFIED,2.689432,11173,1
206:366,NOT_VERIFIED,2.315177,11173,1
206:368,NOT_VERIFIED,2.677696,11173,1
206:378,NOT_VERIFIED,2.366259,11173,1
206:382,NOT_VERIFIED,0.203778,11173,1
207:55,NOT_VERIFIED,2.175521,11173,1
207:59,NOT_VERIFIED,2.414062,11173,1
207:216,NOT_VERIFIED,2.185156,11173,1
207:231,NOT_VERIFIED,2.325604,11173,1
207:236,NOT_VERIFIED,2.402468,11173,1
207:279,NOT_VERIFIED,2.559213,11173,1
207:323,NOT_VERIFIED,2.665098,11173,1
207:359,NOT_VERIFIED,2.210015,11173,1
208:28,NOT_VERIFIED,0.617799,11173,1
208:50,NOT_VERIFIED,2.337249,11173,1
208:57,NOT_VERIFIED,2.251182,11173,1
208:59,NOT_VERIFIED,2.644626,11173,1
208:98,NOT_VERIFIED,2.343532,11173,1
208:216,NOT_VERIFIED,2.458452,11173,1
208:235,NOT_VERIFIED,2.244051,11173,1
208:251,NOT_VERIFIED,2.392603,11173,1
208:252,NOT_VERIFIED,1.889914,11173,1
208:276,NOT_VERIFIED,2.127411,11173,1
208:301,NOT_VERIFIED,2.777672,11173,1
209:4,NOT_VERIFIED,1.498721,11173,1
209:224,NOT_VERIFIED,1.676403,11173,1
209:241,NOT_VERIFIED,2.286290,11173,1
209:243,NOT_VERIFIED,2.170611,11173,1
209:254,NOT_VERIFIED,0.223734,11173,1
209:295,NOT_VERIFIED,2.773480,11173,1
209:326,NOT_VERIFIED,2.166315,11173,1
209:329,NOT_VERIFIED,2.219761,11173,1
209:390,NOT_VERIFIED,2.295890,11173,1
210:44,NOT_VERIFIED,2.137443,11173,1
210:51,NOT_VERIFIED,2.025178,11173,1
210:53,NOT_VERIFIED,2.008019,11173,1
210:223,NOT_VERIFIED,0.321475,11173,1
210:228,NOT_VERIFIED,2.346318,11173,1
210:241,NOT_VERIFIED,2.197875,11173,1
210:270,NOT_VERIFIED,2.299891,11173,1
210:354,NOT_VERIFIED,2.292185,11173,1
210:358,NOT_VERIFIED,2.423161,11173,1
211:24,NOT_VERIFIED,1.590383,11173,1
211:49,NOT_VERIFIED,2.358900,11173,1
211:51,NOT_VERIFIED,2.139934,11173,1
211:239,NOT_VERIFIED,2.459305,11173,1
211:240,NOT_VERIFIED,2.239467,11173,1
211:242,NOT_VERIFIED,2.161933,11173,1
211:253,NOT_VERIFIED,2.346806,11173,1
211:319,NOT_VERIFIED,2.664524,11173,1
211:343,VERIFIED,2.746223,11173,0
211:358,NOT_VERIFIED,2.589734,11173,1
212:7,NOT_VERIFIED,1.987973,11173,1
212:45,NOT_VERIFIED,2.397192,11173,1
212:266,NOT_VERIFIED,2.526812,11173,1
212:383,NOT_VERIFIED,2.340606,11173,1
212:385,NOT_VERIFIED,2.220920,11173,1
213:44,NOT_VERIFIED,2.663382,11173,1
213:54,NOT_VERIFIED,2.179880,11173,1
213:238,NOT_VERIFIED,2.594199,11173,1
213:245,NOT_VERIFIED,2.587328,11173,1
213:268,NOT_VERIFIED,2.187449,11173,1
213:363,VERIFIED,2.678595,11173,0
214:49,NOT_VERIFIED,3.191916,11173,1
214:54,NOT_VERIFIED,2.460634,11173,1
214:269,NOT_VERIFIED,2.350329,11173,1
214:319,NOT_VERIFIED,2.487441,11173,1
214:385,NOT_VERIFIED,2.152480,11173,1
215:6,NOT_VERIFIED,0.927315,11173,1
215:248,NOT_VERIFIED,2.107829,11173,1
215:252,NOT_VERIFIED,1.789566,11173,1
215:256,NOT_VERIFIED,0.786577,11173,1
215:311,NOT_VERIFIED,0.991614,11173,1
215:327,NOT_VERIFIED,1.321955,11173,1
215:339,NOT_VERIFIED,2.102680,11173,1
215:367,NOT_VERIFIED,0.790163,11173,1
216:98,NOT_VERIFIED,2.213681,11173,1
216:305,NOT_VERIFIED,2.431780,11173,1
216:333,NOT_VERIFIED,2.388563,11173,1
216:351,NOT_VERIFIED,2.973850,11173,1
217:47,NOT_VERIFIED,2.153009,11173,1
217:55,NOT_VERIFIED,2.219443,11173,1
217:56,NOT_VERIFIED,1.776814,11173,1
217:98,NOT_VERIFIED,2.363683,11173,1
217:223,NOT_VERIFIED,0.431315,11173,1
217:248,NOT_VERIFIED,2.221225,11173,1
217:257,NOT_VERIFIED,2.161460,11173,1
217:298,NOT_VERIFIED,2.986234,11173,1
217:345,NOT_VERIFIED,2.395583,11173,1
217:368,NOT_VERIFIED,2.118384,11173,1
218:30,NOT_VERIFIED,1.335690,11173,1
218:46,NOT_VERIFIED,2.217559,11173,1
218:55,NOT_VERIFIED,2.897695,11173,1
218:247,NOT_VERIFIED,2.071323,11173,1
218:249,NOT_VERIFIED,2.385366,11173,1
218:251,NOT_VERIFIED,2.235549,11173,1
218:258,NOT_VERIFIED,2.233033,11173,1
218:328,NOT_VERIFIED,2.797461,11173,1
218:350,NOT_VERIFIED,2.505524,11173,1
218:368,NOT_VERIFIED,2.520333,11173,1
219:3,NOT_VERIFIED,2.190835,11173,1
219:48,NOT_VERIFIED,0.958435,11173,1
219:99,NOT_VERIFIED,1.258998,11173,1
219:260,NOT_VERIFIED,0.218713,11173,1
219:307,NOT_VERIFIED,0.272882,11173,1
219:352,NOT_VERIFIED,2.551504,11173,1
219:379,NOT_VERIFIED,2.241463,11173,1
220:46,NOT_VERIFIED,2.693707,11173,1
220:50,NOT_VERIFIED,2.225166,11173,1
220:98,NOT_VERIFIED,2.093012,11173,1
220:261,NOT_VERIFIED,2.167924,11173,1
220:328,NOT_VERIFIED,2.727812,11173,1
220:364,NOT_VERIFIED,2.222948,11173,1
220:379,NOT_VERIFIED,2.295274,11173,1
221:27,NOT_VERIFIED,1.698797,11173,1
221:47,NOT_VERIFIED,2.322629,11173,1
221:50,NOT_VERIFIED,2.316986,11173,1
221:244,NOT_VERIFIED,2.154249,11173,1
221:246,NOT_VERIFIED,2.304120,11173,1
221:262,NOT_VERIFIED,2.172439,11173,1
221:301,NOT_VERIFIED,2.469133,11173,1
222:24,NOT_VERIFIED,0.221724,11173,1
222:26,NOT_VERIFIED,0.165965,11173,1
222:40,NOT_VERIFIED,0.167581,11173,1
222:41,NOT_VERIFIED,0.203528,11173,1
222:57,NOT_VERIFIED,1.872497,11173,1
222:61,NOT_VERIFIED,1.932709,11173,1
222:66,NOT_VERIFIED,2.490655,11173,1
222:77,NOT_VERIFIED,2.151100,11173,1
222:224,NOT_VERIFIED,0.248799,11173,1
222:258,NOT_VERIFIED,1.021033,11173,1
222:266,NOT_VERIFIED,0.410592,11173,1
222:267,NOT_VERIFIED,1.060707,11173,1
222:276,NOT_VERIFIED,0.186292,11173,1
222:375,NOT_VERIFIED,0.175707,11173,1
223:25,NOT_VERIFIED,0.217131,11173,1
223:31,NOT_VERIFIED,0.205081,11173,1
223:39,NOT_VERIFIED,0.193379,11173,1
223:40,NOT_VERIFIED,0.221280,11173,1
223:79,NOT_VERIFIED,2.136244,11173,1
223:85,NOT_VERIFIED,2.195234,11173,1
223:233,NOT_VERIFIED,2.240601,11173,1
223:262,NOT_VERIFIED,0.140345,11173,1
223:268,NOT_VERIFIED,0.564986,11173,1
223:275,NOT_VERIFIED,0.198155,11173,1
223:324,NOT_VERIFIED,0.278466,11173,1
223:346,NOT_VERIFIED,0.280872,11173,1
223:381,NOT_VERIFIED,0.359281,11173,1
224:3,NOT_VERIFIED,2.033464,11173,1
224:28,NOT_VERIFIED,0.388648,11173,1
224:40,NOT_VERIFIED,0.223949,11173,1
224:263,NOT_VERIFIED,0.255535,11173,1
224:309,NOT_VERIFIED,2.147552,11173,1
224:346,NOT_VERIFIED,0.194271,11173,1
224:355,NOT_VERIFIED,2.852017,11173,1
224:390,NOT_VERIFIED,2.005008,11173,1
225:52,NOT_VERIFIED,2.411035,11173,1
225:82,NOT_VERIFIED,2.141262,11173,1
225:239,NOT_VERIFIED,2.429448,11173,1
225:280,NOT_VERIFIED,2.295098,11173,1
225:281,NOT_VERIFIED,2.323526,11173,1
225:340,VERIFIED,2.867559,11173,0
226:52,NOT_VERIFIED,2.180953,11173,1
226:81,NOT_VERIFIED,2.153009,11173,1
226:241,NOT_VERIFIED,2.720664,11173,1
226:363,NOT_VERIFIED,2.187262,11173,1
227:72,NOT_VERIFIED,1.754932,11173,1
227:328,NOT_VERIFIED,1.814228,11173,1
227:330,VERIFIED,2.662002,11173,0
227:350,NOT_VERIFIED,2.478068,11173,1
228:44,NOT_VERIFIED,2.181805,11173,1
228:81,NOT_VERIFIED,2.224303,11173,1
228:239,NOT_VERIFIED,2.503863,11173,1
228:300,NOT_VERIFIED,2.185666,11173,1
228:343,NOT_VERIFIED,2.302054,11173,1
229:61,NOT_VERIFIED,2.393246,11173,1
229:89,NOT_VERIFIED,2.689522,11173,1
229:313,NOT_VERIFIED,2.283239,11173,1
229:374,NOT_VERIFIED,3.053358,11173,1
230:57,NOT_VERIFIED,2.371078,11173,1
230:83,NOT_VERIFIED,2.112952,11173,1
230:248,NOT_VERIFIED,2.157895,11173,1
230:301,NOT_VERIFIED,2.612701,11173,1
231:55,VERIFIED,3.214542,11173,0
231:76,NOT_VERIFIED,2.717498,11173,1
231:99,NOT_VERIFIED,2.235233,11173,1
231:251,NOT_VERIFIED,2.430949,11173,1
231:298,NOT_VERIFIED,2.216647,11173,1
232:75,NOT_VERIFIED,2.186347,11173,1
232:92,VERIFIED,3.168062,11173,0
232:99,VERIFIED,2.627369,11173,0
232:378,NOT_VERIFIED,2.682077,11173,1
233:60,VERIFIED,3.030713,11173,0
233:67,NOT_VERIFIED,2.660820,11173,1
233:234,NOT_VERIFIED,2.160453,11173,1
233:365,NOT_VERIFIED,2.756393,11173,1
233:374,NOT_VERIFIED,2.553943,11173,1
234:39,NOT_VERIFIED,1.874252,11173,1
234:77,NOT_VERIFIED,2.131045,11173,1
234:96,NOT_VERIFIED,2.346384,11173,1
234:289,NOT_VERIFIED,2.663709,11173,1
234:341,NOT_VERIFIED,2.394616,11173,1
234:362,NOT_VERIFIED,2.715808,11173,1
235:40,NOT_VERIFIED,1.672713,11173,1
235:88,NOT_VERIFIED,1.993815,11173,1
235:95,NOT_VERIFIED,2.161990,11173,1
235:290,NOT_VERIFIED,2.856258,11173,1
235:309,NOT_VERIFIED,2.769159,11173,1
235:324,NOT_VERIFIED,1.734093,11173,1
235:335,NOT_VERIFIED,2.655564,11173,1
235:387,NOT_VERIFIED,2.769307,11173,1
235:388,NOT_VERIFIED,0.278260,11173,1
236:39,NOT_VERIFIED,2.408172,11173,1
236:68,NOT_VERIFIED,2.192267,11173,1
236:244,NOT_VERIFIED,2.542400,11173,1
236:289,NOT_VERIFIED,2.187697,11173,1
236:324,NOT_VERIFIED,2.311472,11173,1
236:342,NOT_VERIFIED,2.279394,11173,1
237:42,NOT_VERIFIED,0.607754,11173,1
237:70,NOT_VERIFIED,1.263964,11173,1
237:74,NOT_VERIFIED,2.195952,11173,1
237:94,NOT_VERIFIED,2.270344,11173,1
237:291,NOT_VERIFIED,2.198186,11173,1
237:300,NOT_VERIFIED,2.197535,11173,1
237:313,NOT_VERIFIED,2.201518,11173,1
237:383,NOT_VERIFIED,2.655777,11173,1
238:38,NOT_VERIFIED,0.829607,11173,1
238:75,NOT_VERIFIED,2.168397,11173,1
238:79,NOT_VERIFIED,2.617778,11173,1
238:92,NOT_VERIFIED,2.139215,11173,1
238:283,NOT_VERIFIED,2.272979,11173,1
238:325,NOT_VERIFIED,2.160400,11173,1
238:354,NOT_VERIFIED,2.558624,11173,1
238:389,NOT_VERIFIED,2.271610,11173,1
239:41,NOT_VERIFIED,0.666176,11173,1
239:84,NOT_VERIFIED,2.717579,11173,1
239:97,NOT_VERIFIED,2.325135,11173,1
239:285,NOT_VERIFIED,2.196344,11173,1
239:373,NOT_VERIFIED,3.260398,11173,1
239:393,NOT_VERIFIED,2.275850,11173,1
240:51,NOT_VERIFIED,2.015455,11173,1
240:280,NOT_VERIFIED,2.696318,11173,1
240:340,NOT_VERIFIED,2.496451,11173,1
240:343,NOT_VERIFIED,2.314377,11173,1
241:40,NOT_VERIFIED,0.209146,11173,1
241:51,NOT_VERIFIED,2.379918,11173,1
241:245,NOT_VERIFIED,2.420279,11173,1
241:302,NOT_VERIFIED,1.500572,11173,1
241:363,NOT_VERIFIED,2.239869,11173,1
242:43,NOT_VERIFIED,1.615766,11173,1
242:71,NOT_VERIFIED,2.350799,11173,1
242:93,NOT_VERIFIED,2.104560,11173,1
242:282,NOT_VERIFIED,2.291816,11173,1
242:321,NOT_VERIFIED,2.339523,11173,1
242:336,NOT_VERIFIED,2.321529,11173,1
242:377,NOT_VERIFIED,2.959562,11173,1
242:385,NOT_VERIFIED,2.651428,11173,1
243:60,NOT_VERIFIED,2.197757,11173,1
243:337,NOT_VERIFIED,2.730672,11173,1
243:344,NOT_VERIFIED,2.663657,11173,1
243:363,NOT_VERIFIED,2.131323,11173,1
244:39,NOT_VERIFIED,1.421862,11173,1
244:68,NOT_VERIFIED,2.188533,11173,1
244:80,NOT_VERIFIED,1.487801,11173,1
244:96,NOT_VERIFIED,2.932686,11173,1
244:248,NOT_VERIFIED,2.202179,11173,1
244:284,NOT_VERIFIED,2.536412,11173,1
245:40,NOT_VERIFIED,1.942225,11173,1
245:65,NOT_VERIFIED,2.491784,11173,1
245:95,NOT_VERIFIED,2.143863,11173,1
245:287,NOT_VERIFIED,2.195924,11173,1
245:302,NOT_VERIFIED,1.803327,11173,1
245:365,NOT_VERIFIED,2.966926,11173,1
245:390,NOT_VERIFIED,2.674353,11173,1
246:41,NOT_VERIFIED,2.202857,11173,1
246:85,NOT_VERIFIED,2.540835,11173,1
246:87,NOT_VERIFIED,2.212087,11173,1
246:97,NOT_VERIFIED,2.362603,11173,1
246:288,NOT_VERIFIED,2.924200,11173,1
246:298,NOT_VERIFIED,2.222277,11173,1
246:330,NOT_VERIFIED,2.266844,11173,1
247:38,NOT_VERIFIED,0.283343,11173,1
247:82,NOT_VERIFIED,2.420859,11173,1
247:92,NOT_VERIFIED,2.312657,11173,1
247:98,NOT_VERIFIED,2.239068,11173,1
247:281,NOT_VERIFIED,2.237055,11173,1
247:334,NOT_VERIFIED,3.019203,11173,1
247:345,NOT_VERIFIED,2.432639,11173,1
247:351,NOT_VERIFIED,2.280350,11173,1
247:366,NOT_VERIFIED,2.345861,11173,1
247:391,NOT_VERIFIED,2.667493,11173,1
247:392,NOT_VERIFIED,1.398786,11173,1
248:39,NOT_VERIFIED,1.412832,11173,1
248:55,NOT_VERIFIED,2.388551,11173,1
248:80,NOT_VERIFIED,1.973371,11173,1
248:301,NOT_VERIFIED,2.323953,11173,1
249:55,NOT_VERIFIED,2.080065,11173,1
249:99,NOT_VERIFIED,2.084065,11173,1
249:333,NOT_VERIFIED,2.174044,11173,1
249:350,NOT_VERIFIED,2.708547,11173,1
249:378,NOT_VERIFIED,2.281653,11173,1
250:43,NOT_VERIFIED,2.044971,11173,1
250:90,NOT_VERIFIED,2.560716,11173,1
250:93,NOT_VERIFIED,2.204670,11173,1
250:292,NOT_VERIFIED,2.245301,11173,1
250:304,NOT_VERIFIED,2.251798,11173,1
250:315,NOT_VERIFIED,3.041032,11173,1
250:359,NOT_VERIFIED,2.164146,11173,1
251:42,NOT_VERIFIED,0.593538,11173,1
251:66,NOT_VERIFIED,2.659557,11173,1
251:94,NOT_VERIFIED,2.293452,11173,1
251:98,NOT_VERIFIED,2.180622,11173,1
251:99,NOT_VERIFIED,3.141154,11173,1
251:286,NOT_VERIFIED,2.282064,11173,1
251:332,NOT_VERIFIED,2.206225,11173,1
251:360,NOT_VERIFIED,2.118493,11173,1
251:379,NOT_VERIFIED,2.252651,11173,1
251:384,NOT_VERIFIED,2.695040,11173,1
252:59,NOT_VERIFIED,2.293305,11173,1
252:301,NOT_VERIFIED,2.227486,11173,1
252:338,NOT_VERIFIED,2.303243,11173,1
252:371,NOT_VERIFIED,3.023314,11173,1
253:49,NOT_VERIFIED,1.726653,11173,1
253:58,NOT_VERIFIED,1.772218,11173,1
253:71,NOT_VERIFIED,2.238505,11173,1
253:82,NOT_VERIFIED,2.821089,11173,1
253:388,NOT_VERIFIED,0.636609,11173,1
254:27,NOT_VERIFIED,0.361905,11173,1
254:80,NOT_VERIFIED,1.755746,11173,1
254:380,NOT_VERIFIED,2.098226,11173,1
254:388,NOT_VERIFIED,0.538414,11173,1
255:6,NOT_VERIFIED,0.678331,11173,1
255:29,NOT_VERIFIED,0.321215,11173,1
255:72,NOT_VERIFIED,0.646434,11173,1
255:73,NOT_VERIFIED,2.125185,11173,1
255:74,NOT_VERIFIED,2.229321,11173,1
256:5,NOT_VERIFIED,0.950947,11173,1
256:302,NOT_VERIFIED,2.372682,11173,1
256:375,NOT_VERIFIED,1.739531,11173,1
256:381,NOT_VERIFIED,0.812555,11173,1
257:5,NOT_VERIFIED,2.540656,11173,1
257:27,NOT_VERIFIED,1.851579,11173,1
257:64,NOT_VERIFIED,2.787445,11173,1
257:65,NOT_VERIFIED,2.642441,11173,1
257:83,NOT_VERIFIED,2.912473,11173,1
257:355,NOT_VERIFIED,2.272431,11173,1
258:46,NOT_VERIFIED,2.174373,11173,1
258:63,NOT_VERIFIED,2.160181,11173,1
258:66,NOT_VERIFIED,2.186521,11173,1
258:84,NOT_VERIFIED,2.710372,11173,1
258:355,NOT_VERIFIED,2.218249,11173,1
258:392,NOT_VERIFIED,0.281116,11173,1
259:4,NOT_VERIFIED,1.322982,11173,1
259:31,NOT_VERIFIED,0.213468,11173,1
259:304,NOT_VERIFIED,1.267508,11173,1
259:392,NOT_VERIFIED,0.143025,11173,1
260:48,NOT_VERIFIED,0.220412,11173,1
260:70,NOT_VERIFIED,0.180853,11173,1
260:303,NOT_VERIFIED,0.451054,11173,1
260:352,NOT_VERIFIED,0.365757,11173,1
260:382,NOT_VERIFIED,2.014658,11173,1
260:386,NOT_VERIFIED,0.610753,11173,1
261:30,NOT_VERIFIED,0.197765,11173,1
261:71,NOT_VERIFIED,2.164212,11173,1
261:72,NOT_VERIFIED,0.622533,11173,1
261:78,NOT_VERIFIED,2.135122,11173,1
261:316,NOT_VERIFIED,2.262468,11173,1
261:328,NOT_VERIFIED,2.553485,11173,1
261:364,NOT_VERIFIED,2.269315,11173,1
262:47,NOT_VERIFIED,0.615654,11173,1
262:60,NOT_VERIFIED,2.680275,11173,1
262:68,NOT_VERIFIED,2.188167,11173,1
262:70,NOT_VERIFIED,1.269907,11173,1
262:79,NOT_VERIFIED,2.205618,11173,1
262:87,NOT_VERIFIED,0.278008,11173,1
262:297,NOT_VERIFIED,0.141622,11173,1
262:316,NOT_VERIFIED,0.144517,11173,1
263:7,NOT_VERIFIED,1.003806,11173,1
263:28,NOT_VERIFIED,0.652640,11173,1
263:62,NOT_VERIFIED,0.640197,11173,1
263:87,NOT_VERIFIED,0.264387,11173,1
263:376,NOT_VERIFIED,0.335065,11173,1
263:388,NOT_VERIFIED,0.339592,11173,1
264:4,NOT_VERIFIED,2.269452,11173,1
264:67,NOT_VERIFIED,2.526353,11173,1
264:90,NOT_VERIFIED,2.743888,11173,1
264:91,NOT_VERIFIED,2.356861,11173,1
265:7,NOT_VERIFIED,2.273714,11173,1
265:61,NOT_VERIFIED,2.316127,11173,1
265:69,NOT_VERIFIED,0.259537,11173,1
265:88,NOT_VERIFIED,2.002634,11173,1
265:89,NOT_VERIFIED,1.991496,11173,1
265:297,NOT_VERIFIED,2.019765,11173,1
265:306,NOT_VERIFIED,2.222265,11173,1
265:320,NOT_VERIFIED,2.978453,11173,1
266:5,NOT_VERIFIED,2.231540,11173,1
266:30,NOT_VERIFIED,0.211390,11173,1
266:45,NOT_VERIFIED,2.227161,11173,1
266:304,NOT_VERIFIED,0.675747,11173,1
266:357,NOT_VERIFIED,1.746493,11173,1
266:384,NOT_VERIFIED,0.804455,11173,1
267:3,NOT_VERIFIED,1.873093,11173,1
267:75,NOT_VERIFIED,2.168886,11173,1
267:323,NOT_VERIFIED,0.743139,11173,1
267:331,NOT_VERIFIED,2.007729,11173,1
267:367,NOT_VERIFIED,0.615922,11173,1
267:381,NOT_VERIFIED,2.127847,11173,1
268:44,NOT_VERIFIED,2.271145,11173,1
268:59,NOT_VERIFIED,2.032384,11173,1
268:65,NOT_VERIFIED,2.392458,11173,1
268:75,NOT_VERIFIED,1.828896,11173,1
268:85,NOT_VERIFIED,2.252662,11173,1
268:293,NOT_VERIFIED,2.572562,11173,1
268:294,NOT_VERIFIED,2.818803,11173,1
268:304,NOT_VERIFIED,1.920320,11173,1
269:5,NOT_VERIFIED,2.217139,11173,1
269:66,NOT_VERIFIED,2.340222,11173,1
269:67,NOT_VERIFIED,2.969675,11173,1
269:86,NOT_VERIFIED,2.402123,11173,1
269:294,NOT_VERIFIED,2.359976,11173,1
269:319,NOT_VERIFIED,2.912123,11173,1
270:68,NOT_VERIFIED,2.248044,11173,1
270:69,NOT_VERIFIED,2.325271,11173,1
270:81,NOT_VERIFIED,2.132465,11173,1
271:3,NOT_VERIFIED,2.718703,11173,1
271:64,NOT_VERIFIED,2.321414,11173,1
271:76,NOT_VERIFIED,2.287129,11173,1
271:77,NOT_VERIFIED,2.358747,11173,1
271:293,NOT_VERIFIED,2.978615,11173,1
271:305,NOT_VERIFIED,2.313425,11173,1
271:356,NOT_VERIFIED,3.132138,11173,1
272:6,NOT_VERIFIED,0.331325,11173,1
272:53,NOT_VERIFIED,2.046422,11173,1
272:80,NOT_VERIFIED,0.359157,11173,1
272:372,NOT_VERIFIED,0.171908,11173,1
272:380,NOT_VERIFIED,0.383723,11173,1
272:392,NOT_VERIFIED,0.161248,11173,1
273:51,NOT_VERIFIED,2.115614,11173,1
273:55,NOT_VERIFIED,2.133696,11173,1
273:74,NOT_VERIFIED,2.193330,11173,1
273:80,NOT_VERIFIED,0.641419,11173,1
273:90,NOT_VERIFIED,2.606345,11173,1
273:302,NOT_VERIFIED,1.959498,11173,1
273:317,NOT_VERIFIED,2.119737,11173,1
273:370,NOT_VERIFIED,1.735001,11173,1
274:6,NOT_VERIFIED,2.643365,11173,1
274:52,NOT_VERIFIED,2.285002,11173,1
274:81,NOT_VERIFIED,2.242270,11173,1
274:82,NOT_VERIFIED,2.264592,11173,1
274:91,NOT_VERIFIED,3.002534,11173,1
274:317,NOT_VERIFIED,2.240947,11173,1
275:7,NOT_VERIFIED,0.626883,11173,1
275:75,NOT_VERIFIED,1.806566,11173,1
275:367,NOT_VERIFIED,1.663552,11173,1
275:386,NOT_VERIFIED,0.353309,11173,1
276:50,NOT_VERIFIED,2.157492,11173,1
276:54,NOT_VERIFIED,1.978531,11173,1
276:77,NOT_VERIFIED,2.202540,11173,1
276:88,NOT_VERIFIED,2.471526,11173,1
276:305,NOT_VERIFIED,1.788571,11173,1
276:306,NOT_VERIFIED,1.845637,11173,1
276:384,NOT_VERIFIED,1.789729,11173,1
277:3,NOT_VERIFIED,2.950470,11173,1
277:85,NOT_VERIFIED,2.243969,11173,1
277:86,VERIFIED,2.769256,11173,0
277:89,NOT_VERIFIED,2.270229,11173,1
277:306,NOT_VERIFIED,2.509565,11173,1
278:4,NOT_VERIFIED,0.206874,11173,1
278:28,NOT_VERIFIED,0.223192,11173,1
278:57,NOT_VERIFIED,3.088604,11173,1
278:73,NOT_VERIFIED,6.544128,11173,1
278:83,NOT_VERIFIED,2.303981,11173,1
278:84,NOT_VERIFIED,2.599095,11173,1
278:347,NOT_VERIFIED,3.865045,11173,1
278:355,NOT_VERIFIED,4.764400,11173,1
278:370,NOT_VERIFIED,2.379754,11173,1
279:7,NOT_VERIFIED,2.196217,11173,1
279:31,NOT_VERIFIED,1.820084,11173,1
279:76,NOT_VERIFIED,2.451073,11173,1
279:78,NOT_VERIFIED,2.331590,11173,1
279:79,NOT_VERIFIED,2.309405,11173,1
279:305,NOT_VERIFIED,1.783961,11173,1
280:51,NOT_VERIFIED,2.445914,11173,1
280:52,NOT_VERIFIED,2.316281,11173,1
280:63,NOT_VERIFIED,2.365041,11173,1
280:308,NOT_VERIFIED,2.662171,11173,1
280:317,NOT_VERIFIED,2.366376,11173,1
280:320,NOT_VERIFIED,2.271889,11173,1
280:373,NOT_VERIFIED,2.364381,11173,1
281:92,NOT_VERIFIED,2.226990,11173,1
281:285,NOT_VERIFIED,2.412353,11173,1
281:354,NOT_VERIFIED,2.679929,11173,1
282:93,NOT_VERIFIED,2.382975,11173,1
282:290,VERIFIED,2.895797,11173,0
282:315,NOT_VERIFIED,2.192121,11173,1
282:335,NOT_VERIFIED,2.162385,11173,1
283:92,NOT_VERIFIED,2.285121,11173,1
283:288,VERIFIED,2.747881,11173,0
284:96,NOT_VERIFIED,2.733320,11173,1
284:291,NOT_VERIFIED,2.302520,11173,1
285:97,NOT_VERIFIED,2.339884,11173,1
285:298,NOT_VERIFIED,2.792417,11173,1
285:334,NOT_VERIFIED,2.560696,11173,1
286:94,NOT_VERIFIED,2.268296,11173,1
286:289,NOT_VERIFIED,2.779244,11173,1
286:300,NOT_VERIFIED,2.774861,11173,1
286:341,NOT_VERIFIED,2.411025,11173,1
287:95,NOT_VERIFIED,2.261123,11173,1
288:97,NOT_VERIFIED,2.622873,11173,1
289:96,NOT_VERIFIED,2.336935,11173,1
289:360,NOT_VERIFIED,2.306434,11173,1
290:95,NOT_VERIFIED,2.379872,11173,1
290:336,NOT_VERIFIED,2.857140,11173,1
290:365,NOT_VERIFIED,2.503665,11173,1
291:94,NOT_VERIFIED,2.294963,11173,1
292:93,NOT_VERIFIED,2.357080,11173,1
293:46,NOT_VERIFIED,1.788682,11173,1
293:75,NOT_VERIFIED,2.286887,11173,1
293:77,NOT_VERIFIED,2.777573,11173,1
293:338,NOT_VERIFIED,2.765742,11173,1
294:54,NOT_VERIFIED,2.322094,11173,1
294:66,NOT_VERIFIED,2.223672,11173,1
294:304,NOT_VERIFIED,2.235593,11173,1
294:361,NOT_VERIFIED,2.689385,11173,1
295:80,NOT_VERIFIED,1.997992,11173,1
295:96,NOT_VERIFIED,2.466962,11173,1
295:326,NOT_VERIFIED,2.349145,11173,1
295:355,NOT_VERIFIED,2.249717,11173,1
296:47,NOT_VERIFIED,2.069616,11173,1
296:299,NOT_VERIFIED,2.329805,11173,1
296:327,NOT_VERIFIED,2.336089,11173,1
296:342,NOT_VERIFIED,3.022588,11173,1
296:352,NOT_VERIFIED,3.735348,11173,1
296:366,NOT_VERIFIED,3.612910,11173,1
297:49,NOT_VERIFIED,2.512494,11173,1
297:87,NOT_VERIFIED,1.914010,11173,1
297:88,NOT_VERIFIED,2.272259,11173,1
297:337,NOT_VERIFIED,2.107046,11173,1
298:41,NOT_VERIFIED,2.816507,11173,1
298:85,NOT_VERIFIED,2.378410,11173,1
298:301,NOT_VERIFIED,2.322561,11173,1
299:47,NOT_VERIFIED,2.823035,11173,1
299:50,NOT_VERIFIED,2.318243,11173,1
299:309,VERIFIED,2.829950,11173,0
299:316,NOT_VERIFIED,2.438441,11173,1
299:328,NOT_VERIFIED,2.765298,11173,1
299:335,NOT_VERIFIED,1.996617,11173,1
299:347,NOT_VERIFIED,2.072924,11173,1
299:368,NOT_VERIFIED,2.817188,11173,1
300:42,NOT_VERIFIED,2.930244,11173,1
300:74,NOT_VERIFIED,2.446592,11173,1
300:343,NOT_VERIFIED,2.578957,11173,1
302:4,NOT_VERIFIED,1.412910,11173,1
302:81,NOT_VERIFIED,0.300693,11173,1
302:91,NOT_VERIFIED,1.409095,11173,1
302:311,NOT_VERIFIED,2.242216,11173,1
302:369,NOT_VERIFIED,0.312426,11173,1
302:370,NOT_VERIFIED,2.297241,11173,1
303:37,NOT_VERIFIED,0.285233,11173,1
303:309,NOT_VERIFIED,2.294976,11173,1
303:376,NOT_VERIFIED,0.403215,11173,1
303:388,NOT_VERIFIED,0.395473,11173,1
304:5,NOT_VERIFIED,2.234262,11173,1
304:31,NOT_VERIFIED,1.333937,11173,1
304:64,NOT_VERIFIED,2.567550,11173,1
304:76,NOT_VERIFIED,2.364846,11173,1
304:318,NOT_VERIFIED,1.905070,11173,1
304:359,NOT_VERIFIED,2.284305,11173,1
305:7,NOT_VERIFIED,2.067384,11173,1
305:318,NOT_VERIFIED,2.427221,11173,1
305:380,NOT_VERIFIED,0.557538,11173,1
306:308,NOT_VERIFIED,2.396455,11173,1
306:310,NOT_VERIFIED,1.967729,11173,1
306:375,NOT_VERIFIED,1.913454,11173,1
306:381,NOT_VERIFIED,1.923998,11173,1
307:4,NOT_VERIFIED,1.753861,11173,1
307:42,NOT_VERIFIED,0.460587,11173,1
307:48,NOT_VERIFIED,0.303706,11173,1
307:99,NOT_VERIFIED,0.599459,11173,1
307:348,NOT_VERIFIED,0.208057,11173,1
307:369,NOT_VERIFIED,0.201785,11173,1
308:320,NOT_VERIFIED,2.689699,11173,1
308:373,VERIFIED,3.151194,11173,0
309:352,NOT_VERIFIED,2.826261,11173,1
309:368,NOT_VERIFIED,2.720585,11173,1
310:70,NOT_VERIFIED,1.808202,11173,1
310:94,NOT_VERIFIED,2.539694,11173,1
310:352,NOT_VERIFIED,2.347172,11173,1
310:371,NOT_VERIFIED,2.764720,11173,1
311:95,NOT_VERIFIED,2.321792,11173,1
311:327,NOT_VERIFIED,0.967916,11173,1
311:366,NOT_VERIFIED,0.966797,11173,1
312:87,NOT_VERIFIED,1.571586,11173,1
312:97,VERIFIED,2.773998,11173,0
312:340,NOT_VERIFIED,2.368680,11173,1
313:42,NOT_VERIFIED,0.654512,11173,1
313:60,NOT_VERIFIED,1.579552,11173,1
313:70,NOT_VERIFIED,0.288865,11173,1
313:374,NOT_VERIFIED,2.411764,11173,1
314:44,NOT_VERIFIED,2.340093,11173,1
314:326,NOT_VERIFIED,2.789798,11173,1
314:361,NOT_VERIFIED,2.281862,11173,1
314:374,NOT_VERIFIED,2.411691,11173,1
315:43,NOT_VERIFIED,2.335681,11173,1
315:90,NOT_VERIFIED,2.249609,11173,1
315:345,NOT_VERIFIED,2.767772,11173,1
315:350,NOT_VERIFIED,2.269508,11173,1
316:50,NOT_VERIFIED,1.017469,11173,1
316:70,NOT_VERIFIED,0.149777,11173,1
316:71,NOT_VERIFIED,2.335765,11173,1
317:63,NOT_VERIFIED,2.280125,11173,1
317:80,NOT_VERIFIED,0.352746,11173,1
317:82,NOT_VERIFIED,2.277821,11173,1
318:93,NOT_VERIFIED,2.740764,11173,1
318:344,NOT_VERIFIED,2.776446,11173,1
319:322,NOT_VERIFIED,2.778937,11173,1
319:341,NOT_VERIFIED,2.412867,11173,1
320:321,NOT_VERIFIED,2.333093,11173,1
321:51,NOT_VERIFIED,2.398049,11173,1
321:89,NOT_VERIFIED,2.110712,11173,1
321:354,NOT_VERIFIED,2.790997,11173,1
321:363,NOT_VERIFIED,2.549722,11173,1
322:67,NOT_VERIFIED,2.681597,11173,1
322:343,NOT_VERIFIED,2.795534,11173,1
323:352,NOT_VERIFIED,2.189335,11173,1
323:386,NOT_VERIFIED,0.281459,11173,1
324:59,NOT_VERIFIED,2.089743,11173,1
324:72,NOT_VERIFIED,1.876711,11173,1
324:364,NOT_VERIFIED,2.340362,11173,1
325:38,NOT_VERIFIED,2.192607,11173,1
325:44,NOT_VERIFIED,2.350740,11173,1
325:75,NOT_VERIFIED,2.325245,11173,1
325:343,VERIFIED,2.788367,11173,0
327:335,NOT_VERIFIED,0.968258,11173,1
328:335,NOT_VERIFIED,0.972466,11173,1
329:337,NOT_VERIFIED,2.332628,11173,1
329:377,NOT_VERIFIED,2.685117,11173,1
330:41,NOT_VERIFIED,0.557820,11173,1
330:47,NOT_VERIFIED,2.107541,11173,1
330:87,NOT_VERIFIED,2.140268,11173,1
330:350,NOT_VERIFIED,2.423729,11173,1
331:36,NOT_VERIFIED,0.220738,11173,1
331:332,NOT_VERIFIED,2.322279,11173,1
331:357,NOT_VERIFIED,2.004543,11173,1
331:384,NOT_VERIFIED,2.258202,11173,1
332:98,VERIFIED,2.795073,11173,0
332:338,NOT_VERIFIED,2.808114,11173,1
332:339,VERIFIED,2.786917,11173,0
333:55,NOT_VERIFIED,2.433245,11173,1
333:57,NOT_VERIFIED,2.802580,11173,1
333:58,NOT_VERIFIED,2.391506,11173,1
333:334,NOT_VERIFIED,2.754242,11173,1
333:351,NOT_VERIFIED,2.431514,11173,1
333:370,NOT_VERIFIED,2.385815,11173,1
334:57,NOT_VERIFIED,2.761659,11173,1
334:84,NOT_VERIFIED,2.302719,11173,1
334:98,NOT_VERIFIED,2.337407,11173,1
334:378,NOT_VERIFIED,2.797958,11173,1
335:71,NOT_VERIFIED,2.307282,11173,1
336:61,NOT_VERIFIED,2.656275,11173,1
336:88,NOT_VERIFIED,2.421145,11173,1
336:337,NOT_VERIFIED,2.354682,11173,1
337:49,NOT_VERIFIED,2.135266,11173,1
337:60,NOT_VERIFIED,2.666868,11173,1
337:61,VERIFIED,2.888932,11173,0
337:377,NOT_VERIFIED,2.114310,11173,1
338:46,NOT_VERIFIED,2.682547,11173,1
338:59,NOT_VERIFIED,2.737393,11173,1
338:339,VERIFIED,2.752123,11173,0
338:356,NOT_VERIFIED,2.719394,11173,1
338:360,NOT_VERIFIED,2.265533,11173,1
338:364,NOT_VERIFIED,2.316561,11173,1
339:364,NOT_VERIFIED,2.409811,11173,1
341:66,NOT_VERIFIED,2.770023,11173,1
341:361,NOT_VERIFIED,2.410926,11173,1
